id,title_ar,title_original,provider,year,study_type_ar,doi,url,language,topics,license,access_note_ar,verified_at,evidence_url
pa-ar-qou-4953,الصدمات التي يتعرض لها الأخصائيين النفسيين وعلاقتها بتقديم مهارات الرعاية المستنيرة للصدمات أثناء أزمات الحرب,الصدمات التي يتعرض لها الأخصائيين النفسيين وعلاقتها بتقديم مهارات الرعاية المستنيرة للصدمات أثناء أزمات الحرب,مجلة جامعة القدس المفتوحة للأبحاث والدراسات التربوية والنفسية,2026,دراسة وصفية ارتباطية,10.33977/1182-017-048-005,https://journals.qou.edu/index.php/nafsia/article/download/4953/3499/60676,ar,الصحة النفسية | الصدمة | الرعاية المستنيرة بالصدمات | إدارة الأزمات,CC BY 4.0,النص الكامل الأصلي بالعربية بصيغة PDF متاح مجانًا من جهة النشر؛ لا يلزم تسجيل للقراءة.,2026-10-07,https://journals.qou.edu/index.php/nafsia/article/view/4953
pa-ar-qou-4914,فاعلية برنامج إرشادي جمعي قائم على العلاج بالمعنى لتحسين صورة الذات لدى الأشخاص ذوي الإعاقة الحركية في سلطنة عُمان,فاعلية برنامج إرشادي جمعي قائم على العلاج بالمعنى لتحسين صورة الذات لدى الأشخاص ذوي الإعاقة الحركية في سلطنة عُمان,مجلة جامعة القدس المفتوحة للأبحاث والدراسات التربوية والنفسية,2026,دراسة شبه تجريبية,10.33977/1182-017-048-014,https://journals.qou.edu/index.php/nafsia/article/download/4914/3508/60866,ar,الصحة النفسية | الإعاقة | التأهيل | صورة الذات,CC BY 4.0,النص الكامل الأصلي بالعربية بصيغة PDF متاح مجانًا من جهة النشر؛ لا يلزم تسجيل للقراءة.,2026-10-07,https://journals.qou.edu/index.php/nafsia/article/view/4914
pa-ar-qou-4942,فاعلية برنامج إشرافي معرفي سلوكي في تطوير المهارات الإرشادية لدى مرشدي مراكز الإيواء التابعة لوزارة التنمية الاجتماعية,فاعلية برنامج إشرافي معرفي سلوكي في تطوير المهارات الإرشادية لدى مرشدي مراكز الإيواء التابعة لوزارة التنمية الاجتماعية,مجلة جامعة القدس المفتوحة للأبحاث والدراسات التربوية والنفسية,2026,دراسة شبه تجريبية,10.33977/1182-017-048-010,https://journals.qou.edu/index.php/nafsia/article/download/4942/3504/60861,ar,الإرشاد النفسي | التواصل | التطوير المهني | العمل ضمن الفريق,CC BY 4.0,النص الكامل الأصلي بالعربية بصيغة PDF متاح مجانًا من جهة النشر؛ لا يلزم تسجيل للقراءة.,2026-10-07,https://journals.qou.edu/index.php/nafsia/article/view/4942
pa-ar-cjos-2101,التحديات التي تواجه الاخصائي الاجتماعي في العمل مع كبار السن بالمؤسسات الاجتماعية,التحديات التي تواجه الاخصائي الاجتماعي في العمل مع كبار السن بالمؤسسات الاجتماعية,مجلة العلوم الشاملة — المعهد العالي للعلوم والتقنية رقدالين,2026,دراسة وصفية تحليلية,10.65405/67h2ya20,https://cjos.histr.edu.ly/index.php/journal/ar/article/download/2101/1829/3623,ar,رعاية المسنين | العمل ضمن الفريق | التأهيل | الخدمة الاجتماعية,CC BY 4.0,النص الكامل الأصلي بالعربية بصيغة PDF متاح مجانًا من جهة النشر؛ لا يلزم تسجيل للقراءة.,2026-10-07,https://cjos.histr.edu.ly/index.php/journal/ar/article/view/2101
pa-ar-cjos-2482,الرعاية الصحية ودورها في تعزيز الدعم الاجتماعي للمرضى : قراءة سوسيولوجية,الرعاية الصحية ودورها في تعزيز الدعم الاجتماعي للمرضى : قراءة سوسيولوجية,مجلة العلوم الشاملة — المعهد العالي للعلوم والتقنية رقدالين,2026,مراجعة نظرية للأدبيات,10.65405/rh6qrc14,https://cjos.histr.edu.ly/index.php/journal/ar/article/download/2482/2168/4268,ar,الرعاية المتمحورة حول المريض | الدعم الاجتماعي | تمريض صحة المجتمع | دعم المريض,CC BY 4.0,النص الكامل الأصلي بالعربية بصيغة PDF متاح مجانًا من جهة النشر؛ لا يلزم تسجيل للقراءة.,2026-10-07,https://cjos.histr.edu.ly/index.php/journal/ar/article/view/2482
pa-ar-bcchj-2787,دور مواقع التواصل الاجتماعي في التثقيف الصحي بمخاطر الدواء دراسة مسحية (المجتمع العراقي انموذجاً),دور مواقع التواصل الاجتماعي في التثقيف الصحي بمخاطر الدواء دراسة مسحية (المجتمع العراقي انموذجاً),مجلة مركز بابل للدراسات الإنسانية — جامعة بابل,2026,دراسة مسحية,10.66026/nv6ajn46,https://bcchj.uobabylon.edu.iq/index.php/bcchj/ar/article/download/2787/2798/3649,ar,سلامة الدواء | التثقيف الصحي | التواصل الرقمي | تمريض صحة المجتمع,',النص الكامل الأصلي بالعربية بصيغة PDF متاح مجانًا من جهة النشر؛ لا يلزم تسجيل للقراءة.,2026-10-07,https://bcchj.uobabylon.edu.iq/index.php/bcchj/ar/article/view/2787
pa-ar-qou-4805,فاعلية برنامج علاجي معرفي سلوكي يرتكز على علاج الصدمات في خفض السلوك غير التكيفي المصاحب للحزن المطول لدى الأطفال,فاعلية برنامج علاجي معرفي سلوكي يرتكز على علاج الصدمات في خفض السلوك غير التكيفي المصاحب للحزن المطول لدى الأطفال,مجلة جامعة القدس المفتوحة للأبحاث والدراسات التربوية والنفسية,2025,دراسة شبه تجريبية,10.33977/1182-016-046-004,https://journals.qou.edu/index.php/nafsia/article/download/4805/3407/47508,ar,الصحة النفسية | الحزن والفقد | الصدمة | تمريض الأطفال,CC BY 4.0,النص الكامل الأصلي بالعربية بصيغة PDF متاح مجانًا من جهة النشر؛ لا يلزم تسجيل للقراءة.,2026-10-07,https://journals.qou.edu/index.php/nafsia/article/view/4805
pa-ar-cjos-1402,التصميم الداخلي ودوره في توعية مقدمي الرعاية لمرضي الزهايمر (دراسة تحليلية – طرابلس / ليبيا ),التصميم الداخلي ودوره في توعية مقدمي الرعاية لمرضي الزهايمر (دراسة تحليلية – طرابلس / ليبيا ),مجلة العلوم الشاملة — المعهد العالي للعلوم والتقنية رقدالين,2025,دراسة تحليلية,10.65405/ds2fsx58,https://cjos.histr.edu.ly/index.php/journal/ar/article/download/1402/1182/2372,ar,رعاية المسنين | الزهايمر | دعم مقدم الرعاية | سلامة البيئة,CC BY 4.0,النص الكامل الأصلي بالعربية بصيغة PDF متاح مجانًا من جهة النشر؛ لا يلزم تسجيل للقراءة.,2026-10-07,https://cjos.histr.edu.ly/index.php/journal/ar/article/view/1402
pa-ar-hcsj-254,مدى جاهزية الخدمات الصحية في المدارس ضد الجوائح الصحية – كوفيد19 - (دراسة تطبيقية على مدارس المرحلة الابتدائية بمدينة الخمس),مدى جاهزية الخدمات الصحية في المدارس ضد الجوائح الصحية – كوفيد19 - (دراسة تطبيقية على مدارس المرحلة الابتدائية بمدينة الخمس),مجلة دراسات الإنسان والمجتمع — الجمعية الليبية للبحوث والدراسات العلمية,2025,دراسة ميدانية مسحية,',https://stcrs.com.ly/hcsj/docs/volumes/School%20Health%20Services.pdf,ar,الصحة المدرسية | مكافحة العدوى | تمريض صحة المجتمع | التثقيف الصحي,',النص الكامل الأصلي بالعربية بصيغة PDF متاح مجانًا من جهة النشر؛ لا يلزم تسجيل للقراءة.,2026-10-07,https://stcrs.com.ly/hcsj/en/article-details.php?id=254
pa-ar-qou-4823,مشكلات الصحة النفسية لدى ممرضي المستشفيات العاملين بنظام الورديات,مشكلات الصحة النفسية لدى ممرضي المستشفيات العاملين بنظام الورديات,مجلة جامعة القدس المفتوحة للأبحاث والدراسات التربوية والنفسية,2024,دراسة وصفية تحليلية,10.33977/1182-015-045-019,https://journals.qou.edu/index.php/nafsia/article/download/4823/3342/40597,ar,تمريض | الصحة النفسية | العمل بنظام الورديات | الصحة المهنية,CC BY 4.0,النص الكامل الأصلي بالعربية بصيغة PDF متاح مجانًا من جهة النشر؛ لا يلزم تسجيل للقراءة.,2026-10-07,https://journals.qou.edu/index.php/nafsia/article/view/4823
pa-ar-qou-4428,الممارسة المهنية للأخصائي الاجتماعي الطبي في المراكز النفسية الحكومية وسبل تفعيلها (دراسة مطبّقة على مراكز الصحة النفسية المجتمعية الحكومية بقطاع غزة),الممارسة المهنية للأخصائي الاجتماعي الطبي في المراكز النفسية الحكومية وسبل تفعيلها (دراسة مطبّقة على مراكز الصحة النفسية المجتمعية الحكومية بقطاع غزة),مجلة جامعة القدس المفتوحة للأبحاث والدراسات التربوية والنفسية,2023,دراسة وصفية بالمسح الاجتماعي,10.33977/1182-014-041-011,https://journals.qou.edu/index.php/nafsia/article/download/4428/3200/25139,ar,الصحة النفسية | تمريض صحة المجتمع | العمل ضمن الفريق | دعم الأسرة,CC BY 4.0,النص الكامل الأصلي بالعربية بصيغة PDF متاح مجانًا من جهة النشر؛ لا يلزم تسجيل للقراءة.,2026-10-07,https://journals.qou.edu/index.php/nafsia/article/view/4428
pa-ar-qou-4571,الفاعلية الذاتية لدى الأطباء الفلسطينيين العاملين في المستشفيات الفلسطينية في نهايات جائحة فيروس كورونا,الفاعلية الذاتية لدى الأطباء الفلسطينيين العاملين في المستشفيات الفلسطينية في نهايات جائحة فيروس كورونا,مجلة جامعة القدس المفتوحة للأبحاث والدراسات التربوية والنفسية,2023,دراسة وصفية تحليلية,10.33977/1182-014-043-016,https://journals.qou.edu/index.php/nafsia/article/download/4571/3268/30133,ar,الصحة النفسية | فاعلية الذات | الصحة المهنية | فريق الرعاية الصحية,CC BY 4.0,النص الكامل الأصلي بالعربية بصيغة PDF متاح مجانًا من جهة النشر؛ لا يلزم تسجيل للقراءة.,2026-10-07,https://journals.qou.edu/index.php/nafsia/article/view/4571
pa-ar-babil-4702,قلق الموت الناجم عن كوفيد19 لدى كبار السن: دراسة ميدانية بدار الأشخاص المسنين بمدينة معسكر,قلق الموت الناجم عن كوفيد19 لدى كبار السن: دراسة ميدانية بدار الأشخاص المسنين بمدينة معسكر,مجلة جامعة بابل للعلوم الإنسانية,2023,دراسة ميدانية,',https://journalofbabylon.com/index.php/JUBH/article/download/4702/3627/7882,ar,رعاية المسنين | قلق الموت | الصحة النفسية | تمريض صحة المجتمع,CC BY 4.0,النص الكامل الأصلي بالعربية بصيغة PDF متاح مجانًا من جهة النشر؛ لا يلزم تسجيل للقراءة.,2026-10-07,https://journalofbabylon.com/index.php/JUBH/article/view/4702
pa-ar-qou-4271,فاعلية برنامج تدريب أولياء الأمور (ImPACT) في تنمية مهارات التواصل لدى الأطفال ذوي اضطراب طيف التوحد في دولة قطر,فاعلية برنامج تدريب أولياء الأمور (ImPACT) في تنمية مهارات التواصل لدى الأطفال ذوي اضطراب طيف التوحد في دولة قطر,مجلة جامعة القدس المفتوحة للأبحاث والدراسات التربوية والنفسية,2022,دراسة شبه تجريبية بقياس قبلي وبعدي,',https://journals.qou.edu/index.php/nafsia/article/download/4271/3143/23573,ar,تمريض الأطفال | التوحد | التواصل | تعليم الأسرة,CC BY 4.0,النص الكامل الأصلي بالعربية بصيغة PDF متاح مجانًا من جهة النشر؛ لا يلزم تسجيل للقراءة.,2026-10-07,https://journals.qou.edu/index.php/nafsia/article/view/4271
pa-ar-qou-3791,أعراض الاضطّرابات النفسيّة لدى المصابين بمرض السّكري في فلسطين,أعراض الاضطّرابات النفسيّة لدى المصابين بمرض السّكري في فلسطين,مجلة جامعة القدس المفتوحة للأبحاث والدراسات التربوية والنفسية,2022,دراسة وصفية تحليلية,10.33977/1182-013-038-014,https://journals.qou.edu/index.php/nafsia/article/download/3791/3001/18979,ar,السكري | الأمراض المزمنة | الصحة النفسية | تمريض صحة المجتمع,',النص الكامل الأصلي بالعربية بصيغة PDF متاح مجانًا من جهة النشر؛ لا يلزم تسجيل للقراءة.,2026-10-07,https://journals.qou.edu/index.php/nafsia/article/view/3791
pa-ar-qou-3426,المساندة الاجتماعية وعلاقتها بمستوى الاكتئاب النفسي لدى السيدات المعنفات في المحافظات الجنوبية – فلسطين,المساندة الاجتماعية وعلاقتها بمستوى الاكتئاب النفسي لدى السيدات المعنفات في المحافظات الجنوبية – فلسطين,مجلة جامعة القدس المفتوحة للأبحاث والدراسات التربوية والنفسية,2021,دراسة وصفية ارتباطية,10.33977/1182-012-037-001,https://journals.qou.edu/index.php/nafsia/article/download/3426/pdf/18312,ar,الصحة النفسية | العنف الأسري | الدعم الاجتماعي | تمريض صحة المجتمع,',النص الكامل الأصلي بالعربية بصيغة PDF متاح مجانًا من جهة النشر؛ لا يلزم تسجيل للقراءة.,2026-10-07,https://journals.qou.edu/index.php/nafsia/article/view/3426
pa-ar-qou-3343,مساهمة عناصر رأس المال النفسي وقوة الأنا في التنبؤ بالضغط النفسي لدى أمهات الأطفال ذوي اضطراب طيف التوحد في الأردن,مساهمة عناصر رأس المال النفسي وقوة الأنا في التنبؤ بالضغط النفسي لدى أمهات الأطفال ذوي اضطراب طيف التوحد في الأردن,مجلة جامعة القدس المفتوحة للأبحاث والدراسات التربوية والنفسية,2021,دراسة وصفية تنبؤية,10.33977/1182-012-034-020,https://journals.qou.edu/index.php/nafsia/article/download/3343/pdf_1/17177,ar,دعم الأسرة | التوحد | الضغوط النفسية | العناية بالذات,',النص الكامل الأصلي بالعربية بصيغة PDF متاح مجانًا من جهة النشر؛ لا يلزم تسجيل للقراءة.,2026-10-07,https://journals.qou.edu/index.php/nafsia/article/view/3343
pa-ar-hcsj-92,مدى مساهمة الإدارة المدرسية في تفعيل برامج الصحة المدرسية لمدارس التعليم الأساسي,مدى مساهمة الإدارة المدرسية في تفعيل برامج الصحة المدرسية لمدارس التعليم الأساسي,مجلة دراسات الإنسان والمجتمع — الجمعية الليبية للبحوث والدراسات العلمية,2021,دراسة وصفية تحليلية,',https://www.stcrs.com.ly/hcsj/docs/volumes/Activate%20School%20Health.pdf,ar,الصحة المدرسية | التثقيف الصحي | التغذية | تمريض صحة المجتمع,',النص الكامل الأصلي بالعربية بصيغة PDF متاح مجانًا من جهة النشر؛ لا يلزم تسجيل للقراءة.,2026-10-07,https://www.stcrs.com.ly/hcsj/article-details.php?id=92
pa-ar-qou-3418,فاعلية برنامج إرشادي مبني على الكتابة التأمّليّة في خفض الاضطرابات النفسيّة المصاحبة للإصابة بمرض سرطان الثدي,فاعلية برنامج إرشادي مبني على الكتابة التأمّليّة في خفض الاضطرابات النفسيّة المصاحبة للإصابة بمرض سرطان الثدي,مجلة جامعة القدس المفتوحة للأبحاث والدراسات التربوية والنفسية,2021,دراسة شبه تجريبية,10.33977/1182-012-036-004,https://journals.qou.edu/index.php/nafsia/article/download/3418/pdf/17855,ar,الأورام | الصحة النفسية | الكتابة التأملية | دعم المريض,',النص الكامل الأصلي بالعربية بصيغة PDF متاح مجانًا من جهة النشر؛ لا يلزم تسجيل للقراءة.,2026-10-07,https://journals.qou.edu/index.php/nafsia/article/view/3418
pa-ar-hcsj-97,مهارات التواصل اللفظي عند مقدمي الرعاية الصحية وأثرها على مستوى خدمات الرعاية الصحية,مهارات التواصل اللفظي عند مقدمي الرعاية الصحية وأثرها على مستوى خدمات الرعاية الصحية,مجلة دراسات الإنسان والمجتمع — الجمعية الليبية للبحوث والدراسات العلمية,2021,دراسة وصفية تحليلية,',https://www.stcrs.com.ly/hcsj/docs/volumes/Verbal%20communication%20skills.pdf,ar,التواصل مع المرضى | مهارات التواصل | الرعاية المتمحورة حول المريض | تمريض,',النص الكامل الأصلي بالعربية بصيغة PDF متاح مجانًا من جهة النشر؛ لا يلزم تسجيل للقراءة.,2026-10-07,https://www.stcrs.com.ly/hcsj/article-details.php?id=97
pa-ar-iug-4089,فاعلية برنامج تدريبي لتلبية الحاجات المعرفية لأمهات الأطفال ذوي اضطراب طيف التوحد في مدينة السلط,فاعلية برنامج تدريبي لتلبية الحاجات المعرفية لأمهات الأطفال ذوي اضطراب طيف التوحد في مدينة السلط,مجلة الجامعة الإسلامية للدراسات التربوية والنفسية — غزة,2019,دراسة شبه تجريبية,',https://journals.iugaza.edu.ps/index.php/IUGJEPS/article/download/4089/2537/27381,ar,تمريض الأطفال | التوحد | تعليم الأسرة | التثقيف الصحي,CC BY 4.0,النص الكامل الأصلي بالعربية بصيغة PDF متاح مجانًا من جهة النشر؛ لا يلزم تسجيل للقراءة.,2026-10-07,https://journals.iugaza.edu.ps/index.php/IUGJEPS/article/view/4089
pa-ar-qou-2285,الرضا الوظيفي والضغوط المهنية والسلامة المهنية للممرضين والممرضات في مستشفيات محافظة نابلس، فلسطين,الرضا الوظيفي والضغوط المهنية والسلامة المهنية للممرضين والممرضات في مستشفيات محافظة نابلس، فلسطين,مجلة جامعة القدس المفتوحة للبحوث الإنسانية والاجتماعية,2018,مقالة بحثية,10.5281/zenodo.1477548,https://journals.qou.edu/index.php/jrresstudy/article/download/2285/1572/8685,ar,الصحة المهنية | تمريض | سلامة المريض | الضغوط المهنية,',النص الكامل الأصلي بالعربية بصيغة PDF متاح مجانًا من جهة النشر؛ لا يلزم تسجيل للقراءة.,2026-10-07,https://journals.qou.edu/index.php/jrresstudy/article/view/2285
JR-125,تسليم المناوبة باستخدام SBAR وISBAR,Shift Transition Communication Among Nurses: A Systematic Review of ISBAR and SBAR-Based Structured Handover Tools,Wiley / Nursing Open,2026,مراجعة منهجية,10.1002/nop2.70655,https://onlinelibrary.wiley.com/doi/10.1002/nop2.70655,en,التواصل السريري | تسليم المناوبة | سلامة المريض,',مقالة مفتوحة كاملة؛ قراءة بحثية تعليمية مع تقييم منهجية الدراسة، وليست بروتوكولًا سريريًا مستقلًا.,2026-10-07,https://onlinelibrary.wiley.com/doi/10.1002/nop2.70655
pa-edu-004,تدريب طلاب التمريض بالمحاكاة لتحسين سلامة المرضى: مراجعة منهجية,Simulation-Based Training for Nursing Students to Improve Patient Safety: Systematic Review,JMIR Nursing,2026,مراجعة منهجية,10.2196/87898,https://pmc.ncbi.nlm.nih.gov/articles/PMC13205464/,en,تعليم التمريض | المحاكاة | سلامة المرضى | العمل الجماعي,CC BY 4.0,النص الكامل مفتوح مجانًا في PMC، مع الملخص والمتن والمراجع؛ لا يلزم اشتراك أو تسجيل.,2026-10-07,https://pmc.ncbi.nlm.nih.gov/articles/PMC13205464/
pa-edu-005,آثار ورشة لسلامة المرضى قائمة على TeamSTEPPS في تصورات طلاب التمريض عن العمل الجماعي ومعارف التواصل,Effects of a TeamSTEPPS‐Based Patient Safety Workshop on Undergraduate Nursing Students' Teamwork Perceptions and Communication‐Related Knowledge,Nursing Open,2026,دراسة شبه تجريبية بمجموعة واحدة وقياس قبلي وبعدي,10.1002/nop2.70825,https://pmc.ncbi.nlm.nih.gov/articles/PMC13569987/,en,تعليم التمريض | العمل الجماعي | التواصل | سلامة المرضى,CC BY 4.0,النص الكامل مفتوح مجانًا في PMC، مع الملخص والمتن والمراجع؛ لا يلزم اشتراك أو تسجيل.,2026-10-07,https://pmc.ncbi.nlm.nih.gov/articles/PMC13569987/
pa-edu-006,تنفيذ وتقييم برنامج شامل بالمحاكاة لدعم تعامل طلاب التمريض مع الوفاة والاحتراق وتنمية التواصل,"Implementing and evaluating a comprehensive simulation-based program to enhance nursing students’ coping with death, burnout, and communication skills",Frontiers in Psychology,2026,تقييم برنامج بتدخل تعليمي بمجموعة واحدة وقياس قبلي وبعدي,10.3389/fpsyg.2026.1828226,https://pmc.ncbi.nlm.nih.gov/articles/PMC13365359/,en,تعليم التمريض | المحاكاة | التعامل مع الوفاة | الرعاية التلطيفية | الاحتراق النفسي | التواصل,CC BY 4.0,النص الكامل مفتوح مجانًا في PMC، مع الملخص والمتن والمراجع؛ لا يلزم اشتراك أو تسجيل.,2026-10-07,https://pmc.ncbi.nlm.nih.gov/articles/PMC13365359/
pa-edu-017,طريقة واحدة لا تناسب الجميع: التعلم بغرف الهروب لطلاب لديهم اضطراب فرط الحركة وتشتت الانتباه وصعوبات لغوية,One Size Does not Fit All: Gamified Escape Room Learning for Students With ADHD and Language Difficulties in a Quasi‐Experimental Cohort Study,Nursing Open,2026,دراسة أتراب استعادية شبه تجريبية,10.1002/nop2.70882,https://pmc.ncbi.nlm.nih.gov/articles/PMC13625671/,en,تعليم التمريض | صعوبات التعلم | مهارات اللغة الإنجليزية | التعلم بالألعاب | التعليم الشامل,CC BY 4.0,النص الكامل مفتوح مجانًا في PMC، مع الملخص والمتن والمراجع؛ لا يلزم اشتراك أو تسجيل.,2026-10-07,https://pmc.ncbi.nlm.nih.gov/articles/PMC13625671/
pa-edu-018,الكفاءة الذاتية والرضا عن التعلم الإلكتروني والأداء الأكاديمي لدى طلاب التمريض: دراسة متعددة المواقع,The influence of self-efficacy and satisfaction with e-learning on academic performance among nursing students: a multisite study,BMC Medical Education,2026,دراسة مقطعية ارتباطية متعددة المواقع,10.1186/s12909-026-09236-1,https://pmc.ncbi.nlm.nih.gov/articles/PMC13244950/,en,تعليم التمريض | التعلم الإلكتروني | الكفاءة الذاتية | التحصيل الدراسي,CC BY 4.0,النص الكامل مفتوح مجانًا في PMC، مع الملخص والمتن والمراجع؛ لا يلزم اشتراك أو تسجيل.,2026-10-07,https://pmc.ncbi.nlm.nih.gov/articles/PMC13244950/
pa-edu-025,خبرات طلاب التمريض في تدريب القيادة بالمحاكاة داخل موقع الممارسة: دراسة استكشافية نوعية,Nursing Students’ Experiences of in situ Simulation Training in Leadership Practice: A Qualitative Explorative Study,Journal of Healthcare Leadership,2026,دراسة استكشافية نوعية,10.2147/JHL.S604428,https://pmc.ncbi.nlm.nih.gov/articles/PMC13262596/,en,تعليم التمريض | القيادة التمريضية | المحاكاة | الاستعداد للممارسة,CC BY-NC 4.0,النص الكامل مفتوح مجانًا في PMC، مع الملخص والمتن والمراجع؛ لا يلزم اشتراك أو تسجيل.,2026-10-07,https://pmc.ncbi.nlm.nih.gov/articles/PMC13262596/
pa-edu-026,جودة الإرشاد وتطور القيادة في تعليم التمريض السعودي: تحليل مقطعي,Mentorship Quality and Leadership Development in Saudi Nursing Education: A Cross-Sectional Analysis,Nursing Reports,2026,دراسة مقطعية,10.3390/nursrep16010013,https://pmc.ncbi.nlm.nih.gov/articles/PMC12844347/?report=reader,en,تعليم التمريض | القيادة التمريضية | الإرشاد المهني,CC BY 4.0,النص الكامل مفتوح مجانًا في PMC، مع الملخص والمتن والمراجع؛ لا يلزم اشتراك أو تسجيل.,2026-10-07,https://pmc.ncbi.nlm.nih.gov/articles/PMC12844347/?report=reader
pa-edu-027,برنامج تدريب القيادة والكفاءة الذاتية والكفاءة المهنية لدى ممرضي العناية المركزة: دراسة شبه تجريبية في الصين,"Impact of a leadership training programme on nursing leadership, self-efficacy and competency among ICU clinical nurses: a quasi-experimental study in China",BMC Nursing,2026,دراسة شبه تجريبية,10.1186/s12912-026-04890-8,https://pmc.ncbi.nlm.nih.gov/articles/PMC13495220/?report=reader,en,القيادة التمريضية | التطوير المهني المستمر | العناية المركزة | الكفاءة الذاتية,CC BY-NC-ND 4.0,النص الكامل مفتوح مجانًا في PMC، مع الملخص والمتن والمراجع؛ لا يلزم اشتراك أو تسجيل.,2026-10-07,https://pmc.ncbi.nlm.nih.gov/articles/PMC13495220/?report=reader
pa-edu-032,الإعداد التعليمي الرسمي واحتياجات التطوير المهني المستمر في التمريض التلطيفي المتخصص: دراسة وطنية مقطعية,"Formal Educational Preparation and Continuing Professional Development Needs in Specialized Palliative Care Nursing: A Nationwide, Cross-Sectional Study",Nursing Reports,2026,دراسة مقطعية وطنية,10.3390/nursrep16050175,https://pmc.ncbi.nlm.nih.gov/articles/PMC13209322/,en,التطوير المهني المستمر | الرعاية التلطيفية | احتياجات التدريب | التعامل مع الوفاة,CC BY 4.0,النص الكامل مفتوح مجانًا في PMC، مع الملخص والمتن والمراجع؛ لا يلزم اشتراك أو تسجيل.,2026-10-07,https://pmc.ncbi.nlm.nih.gov/articles/PMC13209322/
pa-edu-036,العلاقات بين الاكتئاب والتعاطف مع الذات واحتراق التعلم لدى طلاب التمريض: دراسة طولية بثلاث موجات,"Associations Among Depression, Self‐Compassion, and Learning Burnout in Nursing Students: A Three‐Wave Longitudinal Study",Depression and Anxiety,2026,دراسة طولية بثلاث موجات,10.1155/da/3758311,https://pmc.ncbi.nlm.nih.gov/articles/PMC12963458/?report=reader,en,تعليم التمريض | الاحتراق النفسي | التعاطف مع الذات | الصحة النفسية,CC BY 4.0,النص الكامل مفتوح مجانًا في PMC، مع الملخص والمتن والمراجع؛ لا يلزم اشتراك أو تسجيل.,2026-10-07,https://pmc.ncbi.nlm.nih.gov/articles/PMC12963458/?report=reader
pa-edu-039,طلاب التمريض المقبلون على التخرج: الرضا عن تقديم الرعاية أم الاحتراق أم الضغط الصدمي الثانوي؟,"Graduating prelicensure nursing students: Compassion satisfaction, burnout, or secondary traumatic stress?",SAGE Open Medicine,2026,دراسة استكشافية وصفية بطرق مختلطة,10.1177/20503121261474086,https://pmc.ncbi.nlm.nih.gov/articles/PMC13420073/,en,تعليم التمريض | الاحتراق النفسي | الضغط الصدمي الثانوي | الاستعداد للممارسة | العناية بالنفس,CC BY-NC 4.0,النص الكامل مفتوح مجانًا في PMC، مع الملخص والمتن والمراجع؛ لا يلزم اشتراك أو تسجيل.,2026-10-07,https://pmc.ncbi.nlm.nih.gov/articles/PMC13420073/
pa-comm-013,أثر التدخلات التعليمية في معرفة المهنيين الصحيين بالثقافة الصحية وتقنيات التواصل: مراجعة منهجية,A systematic review of the effects of educational interventions on health literacy knowledge and communication techniques among healthcare professionals,Discover Public Health,2026,مراجعة منهجية بسرد النتائج,10.1186/s12982-026-02720-5,https://link.springer.com/article/10.1186/s12982-026-02720-5,en,الثقافة الصحية | تثقيف المريض | تدريب مهارات التواصل,CC BY 4.0,النص الكامل متاح مجانًا لدى الناشر. عنوان ووصف عربيان إرشاديان؛ نص المقالة باللغة الإنجليزية.,2026-10-07,https://link.springer.com/article/10.1186/s12982-026-02720-5
JR-124,الرعاية المراعية للصدمات من منظور المرضى,"The Impact of Trauma-Informed Care on Patient Engagement, Experience and Barriers to Care: A Qualitative Study",Wiley / Nursing Open,2025,دراسة نوعية,10.1002/nop2.70331,https://onlinelibrary.wiley.com/doi/10.1002/nop2.70331,en,الصدمات | التواصل مع المريض | البحث النوعي,',مقالة مفتوحة كاملة؛ قراءة بحثية تعليمية مع تقييم منهجية الدراسة، وليست بروتوكولًا سريريًا مستقلًا.,2026-10-07,https://onlinelibrary.wiley.com/doi/10.1002/nop2.70331
JR-126,الاحتياجات غير الملباة لمقدمي الرعاية الأسرية,Caring for the Informal Caregivers: Systematic Review of Unmet Needs in Palliative Care,Wiley / Nursing Open,2025,مراجعة منهجية,10.1002/nop2.70343,https://onlinelibrary.wiley.com/doi/10.1002/nop2.70343,en,الرعاية التلطيفية | دعم الأسرة | الوفاة والفقد,',مقالة مفتوحة كاملة؛ قراءة بحثية تعليمية مع تقييم منهجية الدراسة، وليست بروتوكولًا سريريًا مستقلًا.,2026-10-07,https://onlinelibrary.wiley.com/doi/10.1002/nop2.70343
JR-127,حزم الرعاية والوقاية من إصابات الضغط,Impact of Care Bundles Prevention of Hospital-Acquired Pressure Injuries: A Systematic Review and Meta-Analysis,Wiley / Nursing Open,2025,مراجعة منهجية وتحليل تلوي,10.1002/nop2.70173,https://onlinelibrary.wiley.com/doi/10.1002/nop2.70173,en,إصابات الضغط | سلامة المريض | العناية الأساسية,',مقالة مفتوحة كاملة؛ قراءة بحثية تعليمية مع تقييم منهجية الدراسة، وليست بروتوكولًا سريريًا مستقلًا.,2026-10-07,https://onlinelibrary.wiley.com/doi/10.1002/nop2.70173
JR-128,التحريك المبكر بقيادة التمريض في الرعاية الحرجة,Effectiveness of Nurse-Led Early Mobility Protocols on the Outcomes of Critical Care Patients: A Systematic Review and Meta-Analysis,Wiley / Nursing Open,2025,مراجعة منهجية وتحليل تلوي,10.1002/nop2.70206,https://onlinelibrary.wiley.com/doi/10.1002/nop2.70206,en,العناية المركزة | الحركة المبكرة | التأهيل,',مقالة مفتوحة كاملة؛ قراءة بحثية تعليمية مع تقييم منهجية الدراسة، وليست بروتوكولًا سريريًا مستقلًا.,2026-10-07,https://onlinelibrary.wiley.com/doi/10.1002/nop2.70206
JR-129,منظور المريض المعرض للسقوط,A High Fall Risk Patient Perspective—Reducing Safety Challenges in an Acute Care Hospital,Wiley / Nursing Open,2025,دراسة مختلطة بتصميم استكشافي متتابع,10.1002/nop2.70161,https://onlinelibrary.wiley.com/doi/10.1002/nop2.70161,en,الوقاية من السقوط | تجربة المريض | سلامة المريض,',مقالة مفتوحة كاملة؛ قراءة بحثية تعليمية مع تقييم منهجية الدراسة، وليست بروتوكولًا سريريًا مستقلًا.,2026-10-07,https://onlinelibrary.wiley.com/doi/10.1002/nop2.70161
JR-130,رعاية انتقال مريض السكتة إلى المنزل,The Effectiveness of Nurse-Led Transition Care on Post-Discharge Outcomes of Adult Stroke Survivors: A Systematic Review and Meta-Analysis,Wiley / Nursing Open,2025,مراجعة منهجية وتحليل تلوي,10.1002/nop2.70140,https://onlinelibrary.wiley.com/doi/10.1002/nop2.70140,en,السكتة الدماغية | الخروج من المستشفى | استمرارية الرعاية,',مقالة مفتوحة كاملة؛ قراءة بحثية تعليمية مع تقييم منهجية الدراسة، وليست بروتوكولًا سريريًا مستقلًا.,2026-10-07,https://onlinelibrary.wiley.com/doi/10.1002/nop2.70140
pa-clin-pmc12661872,تحليل شبكي لكفاءة سلامة المرضى وثقافة سلامتهم لدى ممرضي الرعاية الأولية,Network analysis of patient safety competency and patient safety culture among primary care nurses,BMC Nursing,2025,تحليل شبكي,10.1186/s12912-025-04120-7,https://pmc.ncbi.nlm.nih.gov/articles/PMC12661872/,en,سلامة المرضى | ثقافة السلامة | الجودة التمريضية | الممارسة المبنية على الدليل | مقالات علمية محكمة,CC BY-NC-ND 4.0,النص الكامل مفتوح للقراءة في PubMed Central دون اشتراك. عنوان الفهرس العربي ترجمة؛ المقال الأصلي بالإنجليزية.,2026-10-07,https://pmc.ncbi.nlm.nih.gov/articles/PMC12661872/
pa-clin-pmc11987235,كشف العقبات: تحليل شامل للعوائق أمام الالتزام بنظافة اليدين لدى مقدمي الرعاية الصحية: مراجعة منهجية,Uncovering the obstacles: a comprehensive analysis of barriers to hand hygiene adherence among healthcare providers: a systematic review,BMC Infectious Diseases,2025,مراجعة منهجية,10.1186/s12879-025-10924-4,https://pmc.ncbi.nlm.nih.gov/articles/PMC11987235/,en,مكافحة العدوى | نظافة اليدين | المهارات التمريضية | الممارسة المبنية على الدليل | مقالات علمية محكمة,CC BY-NC-ND 4.0,النص الكامل مفتوح للقراءة في PubMed Central دون اشتراك. عنوان الفهرس العربي ترجمة؛ المقال الأصلي بالإنجليزية.,2026-10-07,https://pmc.ncbi.nlm.nih.gov/articles/PMC11987235/
pa-clin-pmc12405180,تعزيز الالتزام بنظافة اليدين في مؤسسات الرعاية الصحية: دراسة تدخلية طويلة الأمد,Enhancing hand hygiene compliance in healthcare settings: a long time intervention study,Frontiers in Public Health,2025,دراسة تدخلية ممتدة,10.3389/fpubh.2025.1588336,https://pmc.ncbi.nlm.nih.gov/articles/PMC12405180/,en,مكافحة العدوى | نظافة اليدين | المهارات التمريضية | الممارسة المبنية على الدليل | مقالات علمية محكمة,',النص الكامل مفتوح للقراءة في PubMed Central دون اشتراك. عنوان الفهرس العربي ترجمة؛ المقال الأصلي بالإنجليزية.,2026-10-07,https://pmc.ncbi.nlm.nih.gov/articles/PMC12405180/
pa-clin-pmc12026747,تأثير تحسين إتاحة المطهر الكحولي وتدريب نظافة اليدين في المؤسسات الصحية على الالتزام بنظافة اليدين في بليز أثناء كوفيد-19: يونيو 2021–أغسطس 2022,The Influence of Improved Access to Alcohol-Based Hand Rub and Hand Hygiene Training in Healthcare Facilities on Hand Hygiene Adherence in Belize During COVID-19: June 2021–August 2022,International Journal of Environmental Research and Public Health,2025,دراسة تدخلية قبل وبعد,10.3390/ijerph22040514,https://pmc.ncbi.nlm.nih.gov/articles/PMC12026747/,en,مكافحة العدوى | نظافة اليدين | المهارات التمريضية | الممارسة المبنية على الدليل | مقالات علمية محكمة,CC BY 4.0,النص الكامل مفتوح للقراءة في PubMed Central دون اشتراك. عنوان الفهرس العربي ترجمة؛ المقال الأصلي بالإنجليزية.,2026-10-07,https://pmc.ncbi.nlm.nih.gov/articles/PMC12026747/
pa-clin-pmc12105961,تطوير وتقييم برنامج تدخل متعدد الجوانب للوقاية من أخطاء إعطاء الأدوية لدى الممرضين,Development and Evaluation of a Multifaceted Intervention Program for Preventing Medication Administration Errors by Nurses,Journal of Patient Safety,2025,دراسة تدخلية قبل وبعد مع مجموعة مقارنة,10.1097/PTS.0000000000001345,https://pmc.ncbi.nlm.nih.gov/articles/PMC12105961/,en,سلامة الدواء | إعطاء الأدوية | حساب الجرعات | الممارسة المبنية على الدليل | مقالات علمية محكمة,CC BY-NC-ND 4.0,النص الكامل مفتوح للقراءة في PubMed Central دون اشتراك. عنوان الفهرس العربي ترجمة؛ المقال الأصلي بالإنجليزية.,2026-10-07,https://pmc.ncbi.nlm.nih.gov/articles/PMC12105961/
pa-clin-pmc12183495,أخطاء إعطاء الأدوية الوريدية للمرضى في المستشفى: مراجعة منهجية محدثة,Intravenous Medication Administration Errors in Hospitalised Patients: An Updated Systematic Review,Journal of Evaluation in Clinical Practice,2025,مراجعة منهجية,10.1111/jep.70167,https://pmc.ncbi.nlm.nih.gov/articles/PMC12183495/,en,سلامة الدواء | إعطاء الأدوية | حساب الجرعات | الممارسة المبنية على الدليل | مقالات علمية محكمة,CC BY 4.0,النص الكامل مفتوح للقراءة في PubMed Central دون اشتراك. عنوان الفهرس العربي ترجمة؛ المقال الأصلي بالإنجليزية.,2026-10-07,https://pmc.ncbi.nlm.nih.gov/articles/PMC12183495/
pa-clin-pmc12489426,العوامل المساهمة في أخطاء إعطاء الأدوية لدى الممرضين المسجلين حديثي الخبرة: مراجعة تكاملية,Contributing Factors to Medication Administration Errors Among Novice Registered Nurses: An Integrative Review,Journal of Clinical Nursing,2025,مراجعة تكاملية,10.1111/jocn.17721,https://pmc.ncbi.nlm.nih.gov/articles/PMC12489426/,en,سلامة الدواء | إعطاء الأدوية | حساب الجرعات | الممارسة المبنية على الدليل | مقالات علمية محكمة,CC BY 4.0,النص الكامل مفتوح للقراءة في PubMed Central دون اشتراك. عنوان الفهرس العربي ترجمة؛ المقال الأصلي بالإنجليزية.,2026-10-07,https://pmc.ncbi.nlm.nih.gov/articles/PMC12489426/
pa-clin-pmc12684088,خبرات مديري التمريض في الوقاية من سقوط المرضى في المستشفى وتدبيره: دراسة نوعية وصفية,Experiences of nurse managers in preventing and managing inpatient falls: a qualitative descriptive study,BMJ Open,2025,دراسة نوعية وصفية,10.1136/bmjopen-2025-106509,https://pmc.ncbi.nlm.nih.gov/articles/PMC12684088/,en,الوقاية من السقوط | الحركة الآمنة | رعاية كبار السن | الممارسة المبنية على الدليل | مقالات علمية محكمة,CC BY-NC 4.0,النص الكامل مفتوح للقراءة في PubMed Central دون اشتراك. عنوان الفهرس العربي ترجمة؛ المقال الأصلي بالإنجليزية.,2026-10-07,https://pmc.ncbi.nlm.nih.gov/articles/PMC12684088/
pa-clin-pmc12542456,العوائق أمام الوقاية من إصابات الضغط والعوامل المرتبطة بها لدى ممرضي الرعاية الحرجة في ماليزيا,Barriers to pressure injury prevention and associated factors among critical care nurses in Malaysia,BMC Nursing,2025,دراسة مقطعية,10.1186/s12912-025-03963-4,https://pmc.ncbi.nlm.nih.gov/articles/PMC12542456/,en,إصابات الضغط | العناية بالجلد والجروح | الوقاية من المضاعفات | الممارسة المبنية على الدليل | مقالات علمية محكمة,CC BY 4.0,النص الكامل مفتوح للقراءة في PubMed Central دون اشتراك. عنوان الفهرس العربي ترجمة؛ المقال الأصلي بالإنجليزية.,2026-10-07,https://pmc.ncbi.nlm.nih.gov/articles/PMC12542456/
pa-clin-pmc12154237,معرفة الممرضين واتجاهاتهم وممارساتهم في الوقاية من إصابات الضغط: مراجعة منهجية وتحليل تلوي,"Nurses’ Knowledge, Attitudes, and Practices in Pressure Injury Prevention: A Systematic Review and Meta-Analysis",Healthcare,2025,مراجعة منهجية وتحليل تلوي,10.3390/healthcare13111220,https://pmc.ncbi.nlm.nih.gov/articles/PMC12154237/,en,إصابات الضغط | العناية بالجلد والجروح | الوقاية من المضاعفات | الممارسة المبنية على الدليل | مقالات علمية محكمة,CC BY 4.0,النص الكامل مفتوح للقراءة في PubMed Central دون اشتراك. عنوان الفهرس العربي ترجمة؛ المقال الأصلي بالإنجليزية.,2026-10-07,https://pmc.ncbi.nlm.nih.gov/articles/PMC12154237/
pa-clin-pmc12668328,دراسة تأثير تطبيق تسليم المرضى المنظم باستخدام نموذج SBAR في الأخطاء السريرية لدى ممرضي قسم الطوارئ,Investigating the impact of implementing structured patient handover through the SBAR model on clinical errors of nurses in the emergency department,Journal of Education and Health Promotion,2025,دراسة شبه تجريبية قبل وبعد بمجموعة واحدة,10.4103/jehp.jehp_693_24,https://pmc.ncbi.nlm.nih.gov/articles/PMC12668328/,en,العمل الجماعي | تسليم الحالات | التواصل بين المهن الصحية | الممارسة المبنية على الدليل | مقالات علمية محكمة,',النص الكامل مفتوح للقراءة في PubMed Central دون اشتراك. عنوان الفهرس العربي ترجمة؛ المقال الأصلي بالإنجليزية.,2026-10-07,https://pmc.ncbi.nlm.nih.gov/articles/PMC12668328/?pdf=render
pa-clin-pmc12736045,مشاركة المريض أثناء تسليم الحالات التمريضية بجانب السرير: مراجعة للحالة الراهنة للمعرفة,Patient Participation During Nursing Bedside Handover: A State-of-the-Art Review,Nursing Reports,2025,مراجعة للحالة الراهنة للمعرفة,10.3390/nursrep15120438,https://pmc.ncbi.nlm.nih.gov/articles/PMC12736045/,en,العمل الجماعي | تسليم الحالات | التواصل بين المهن الصحية | الممارسة المبنية على الدليل | مقالات علمية محكمة,CC BY 4.0,النص الكامل مفتوح للقراءة في PubMed Central دون اشتراك. عنوان الفهرس العربي ترجمة؛ المقال الأصلي بالإنجليزية.,2026-10-07,https://pmc.ncbi.nlm.nih.gov/articles/PMC12736045/?pdf=render
pa-spec-pmc12389680,خبرات ومعتقدات وقيم مرضى الألم المزمن المشاركين في برنامج بقيادة الممرضين: دراسة نوعية وصفية ظاهراتية,"Experiences, Beliefs, and Values of Patients with Chronic Pain Who Attended a Nurse-Led Program: A Descriptive Phenomenological Qualitative Study",Nursing Reports,2025,دراسة نوعية وصفية ظاهراتية,10.3390/nursrep15080269,https://pmc.ncbi.nlm.nih.gov/articles/PMC12389680/,en,تمريض البالغين | الألم المزمن | الرعاية الذاتية | البحث النوعي,CC BY 4.0,النص الكامل مجاني مباشرة في PMC دون اشتراك.,2026-10-07,https://pmc.ncbi.nlm.nih.gov/articles/PMC12389680/?report=xml
pa-spec-pmc12699255,فاعلية استشارات الرعاية عن بُعد بقيادة الممرضين للمرضى الذين أصيبوا بسكتة دماغية: مراجعة منهجية وتحليل تلوي,The Effectiveness of Nurse-Led Telecare Consultations Among Patients Who Have Experienced a Stroke: Systematic Review and Meta-Analysis,Journal of Medical Internet Research,2025,مراجعة منهجية وتحليل تلوي,10.2196/74149,https://pmc.ncbi.nlm.nih.gov/articles/PMC12699255/,en,تمريض البالغين | السكتة الدماغية | التأهيل | التمريض عن بعد | الأمراض المزمنة,CC BY 4.0,النص الكامل مجاني مباشرة في PMC دون اشتراك.,2026-10-07,https://pmc.ncbi.nlm.nih.gov/articles/PMC12699255/?report=xml
pa-spec-pmc11891033,التحريك المبكر بمشاركة الممرضين في العناية المركزة: مراجعة منهجية وتحليل تلوي,Nurse‐involved early mobilization in the intensive care unit: A systematic review and meta‐analysis,Nursing in Critical Care,2025,مراجعة منهجية وتحليل تلوي,10.1111/nicc.13278,https://pmc.ncbi.nlm.nih.gov/articles/PMC11891033/,en,العناية الحرجة | التحريك المبكر | التأهيل | العمل الجماعي,CC BY-NC 4.0,النص الكامل مجاني مباشرة في PMC دون اشتراك.,2026-10-07,https://pmc.ncbi.nlm.nih.gov/articles/PMC11891033/?report=xml
pa-spec-pmc12499511,التدخلات الفاعلة للوقاية من عدوى المسالك البولية المرتبطة بالقسطرة: مراجعة منهجية,Effective interventions to prevent catheter-associated urinary tract infections: a systematic review,Revista do Instituto de Medicina Tropical de São Paulo,2025,مراجعة منهجية,10.1590/S1678-9946202567061,https://pmc.ncbi.nlm.nih.gov/articles/PMC12499511/,en,العناية الحرجة | تمريض البالغين | مكافحة العدوى | القسطرة البولية,Creative Commons Attribution (الإصدار غير مذكور في لوحة الحقوق),النص الكامل مجاني مباشرة في PMC دون اشتراك.,2026-10-07,https://pmc.ncbi.nlm.nih.gov/articles/PMC12499511/?report=xml
pa-spec-pmc12639998,مراجعة منهجية للمراجعات حول الوقاية من الهذيان وتدبيره في العناية المركزة: الجزء الثاني، التدخلات غير الدوائية ومتعددة المكونات,A systematic meta-review of interventions to prevent and manage delirium in the Intensive Care Unit: Part 2 – Non-pharmacological and multicomponent interventions,Critical Care,2025,مراجعة منهجية للمراجعات,10.1186/s13054-025-05726-8,https://pmc.ncbi.nlm.nih.gov/articles/PMC12639998/,en,العناية الحرجة | الهذيان | حزم الرعاية | الممارسة المبنية على الأدلة,CC BY 4.0,النص الكامل مجاني مباشرة في PMC دون اشتراك.,2026-10-07,https://pmc.ncbi.nlm.nih.gov/articles/PMC12639998/?report=xml
pa-spec-pmc12076879,دراسة نوعية لتصورات ممرضي العناية المركزة عن الرعاية التلطيفية,A qualitative study on ICU nurses’ perceptions of palliative care,BMC Nursing,2025,دراسة نوعية وصفية ظاهراتية,10.1186/s12912-025-03164-z,https://pmc.ncbi.nlm.nih.gov/articles/PMC12076879/,en,العناية الحرجة | الرعاية التلطيفية | نهاية الحياة | البحث النوعي,CC BY-NC-ND 4.0,النص الكامل مجاني مباشرة في PMC دون اشتراك.,2026-10-07,https://pmc.ncbi.nlm.nih.gov/articles/PMC12076879/?report=xml
pa-spec-pmc12659080,الإثراء التنبؤي باستخدام المؤشرات الحيوية في دراسات مرضى الإنتان ذوي الحالات الحرجة: مراجعة منهجية,Predictive enrichment using biomarkers in studies of critically-ill patients with sepsis: a systematic review,Critical Care,2025,مراجعة منهجية,10.1186/s13054-025-05684-1,https://pmc.ncbi.nlm.nih.gov/articles/PMC12659080/,en,العناية الحرجة | الإنتان | المؤشرات الحيوية | البحث العلمي,CC BY-NC-ND 4.0,النص الكامل مجاني مباشرة في PMC دون اشتراك.,2026-10-07,https://pmc.ncbi.nlm.nih.gov/articles/PMC12659080/?report=xml
pa-spec-pmc12037689,خبرات الممرضين بشأن جودة إرشاد المرضى المتمحور حول الأسرة في هذيان الأطفال: دراسة نوعية وصفية,Nurses' Experiences of the Quality of Family‐Centered Patient Counselling in Paediatric Delirium: A Qualitative Descriptive Study,Nursing Open,2025,دراسة نوعية وصفية,10.1002/nop2.70235,https://pmc.ncbi.nlm.nih.gov/articles/PMC12037689/,en,تمريض الأطفال | الهذيان | العناية الحرجة للأطفال | إرشاد الأسرة,CC BY 4.0,النص الكامل مجاني مباشرة في PMC دون اشتراك.,2026-10-07,https://pmc.ncbi.nlm.nih.gov/articles/PMC12037689/?report=xml
pa-spec-pmc12659235,أثر تدخل تثقيف نفسي للرعاية بعد الولادة في اكتئاب ما بعد الولادة والرضاعة الطبيعية: تجربة عشوائية مضبوطة,The effect of psychoeducational ıntervention on postpartum care on postpartum depression and breastfeeding: a randomized controlled trial,BMC Nursing,2025,تجربة عشوائية مضبوطة,10.1186/s12912-025-04079-5,https://pmc.ncbi.nlm.nih.gov/articles/PMC12659235/,en,تمريض الأمومة | اكتئاب ما بعد الولادة | الرضاعة الطبيعية | التثقيف النفسي | نظريات التمريض,CC BY-NC-ND 4.0,النص الكامل مجاني مباشرة في PMC دون اشتراك.,2026-10-07,https://pmc.ncbi.nlm.nih.gov/articles/PMC12659235/?report=xml
pa-spec-pmc12703542,تدخل بمكالمة هاتفية بعد الولادة لتحسين الرضاعة والدعم والنتائج الصحية,"Postpartum Phone Call Intervention to Improve Postpartum Breastfeeding, Support, and Outcomes",The Permanente Journal,2025,دراسة أتراب استعادية,10.7812/TPP/24.063,https://pmc.ncbi.nlm.nih.gov/articles/PMC12703542/,en,تمريض الأمومة | الرعاية بعد الولادة | الرضاعة الطبيعية | التمريض عن بعد,CC BY-NC-ND 4.0,النص الكامل مجاني مباشرة في PMC دون اشتراك.,2026-10-07,https://pmc.ncbi.nlm.nih.gov/articles/PMC12703542/?report=xml
pa-spec-pmc12400689,تقييم تدخل تعليمي تفاعلي لتحسين ممارسات تغذية الرضع الخدج,Evaluation of an interactive educational intervention to improve nutritional practices for premature infants,"Maternal Health, Neonatology and Perinatology",2025,تجربة عشوائية استطلاعية مع مقابلات نوعية,10.1186/s40748-025-00222-x,https://pmc.ncbi.nlm.nih.gov/articles/PMC12400689/,en,تمريض الأمومة | الخداج | تغذية الرضع | تعليم الأسرة,CC BY-NC-ND 4.0,النص الكامل مجاني مباشرة في PMC دون اشتراك.,2026-10-07,https://pmc.ncbi.nlm.nih.gov/articles/PMC12400689/?report=xml
pa-spec-pmc11782988,الكشف المبكر واستراتيجية حزمة علاج نزف ما بعد الولادة: تقييم عمليات بأساليب مختلطة,Early detection and a treatment bundle strategy for postpartum haemorrhage: a mixed-methods process evaluation,The Lancet. Global Health,2025,تقييم عمليات بأساليب مختلطة,10.1016/S2214-109X(24)00454-6,https://pmc.ncbi.nlm.nih.gov/articles/PMC11782988/,en,تمريض الأمومة | نزف ما بعد الولادة | سلامة الأم | تطبيق الأدلة,CC BY 3.0,النص الكامل مجاني مباشرة في PMC دون اشتراك.,2026-10-07,https://pmc.ncbi.nlm.nih.gov/articles/PMC11782988/?report=xml
pa-spec-pmc12400735,أثر تدخل متعدد المجالات بقيادة الممرضين في القدرة الذاتية لكبار السن المقيمين في المجتمع بالصين: تجربة عشوائية عنقودية,Impact of a nurse-led multidomain intervention on intrinsic capacity among community-dwelling older adults in China: a cluster randomized trial,BMC Public Health,2025,تجربة عشوائية عنقودية مضبوطة,10.1186/s12889-025-24221-x,https://pmc.ncbi.nlm.nih.gov/articles/PMC12400735/,en,تمريض المسنين | الشيخوخة الصحية | القدرة الذاتية | صحة المجتمع,CC BY-NC-ND 4.0,النص الكامل مجاني مباشرة في PMC دون اشتراك.,2026-10-07,https://pmc.ncbi.nlm.nih.gov/articles/PMC12400735/?report=xml
pa-spec-pmc12465935,أثر برنامج الوقاية من الهشاشة المستند إلى نموذج توليد الصحة (SAFRAPP) لدى النساء في مرحلة ما قبل الهشاشة: تجربة عشوائية مضبوطة,Effects of a Salutogenic Model-Based Frailty Prevention Program (SAFRAPP) in pre-frail women: a randomized controlled trial,BMC Nursing,2025,تجربة عشوائية مضبوطة أحادية التعمية,10.1186/s12912-025-03832-0,https://pmc.ncbi.nlm.nih.gov/articles/PMC12465935/,en,تمريض المسنين | الوقاية من الهشاشة | تعزيز الصحة | صحة المرأة,CC BY-NC-ND 4.0,النص الكامل مجاني مباشرة في PMC دون اشتراك.,2026-10-07,https://pmc.ncbi.nlm.nih.gov/articles/PMC12465935/?report=xml
pa-spec-pmc12615328,برامج الوقاية من السقوط بقيادة الممرضين في الرعاية الحادة: مراجعة تكاملية,Nurse-led fall prevention programs in acute care settings: An integrative review,International Journal of Nursing Studies Advances,2025,مراجعة تكاملية,10.1016/j.ijnsa.2025.100440,https://pmc.ncbi.nlm.nih.gov/articles/PMC12615328/,en,تمريض المسنين | سلامة المرضى | الوقاية من السقوط | تمريض البالغين,CC BY 4.0,النص الكامل مجاني مباشرة في PMC دون اشتراك.,2026-10-07,https://pmc.ncbi.nlm.nih.gov/articles/PMC12615328/?report=xml
pa-spec-pmc12211464,أثر برنامج جماعي متعدد الجوانب للوقاية من الهشاشة يقوده ممرضو صحة المجتمع لكبار السن: تصميم قبلي وبعدي متعدد المواقع,The effect of community health nurse-led multi-faceted group-based frailty prevention program for older adults: a multi-site pretest-posttest design,BMC Nursing,2025,دراسة شبه تجريبية قبلية وبعدية دون مجموعة ضابطة,10.1186/s12912-025-03372-7,https://pmc.ncbi.nlm.nih.gov/articles/PMC12211464/,en,تمريض المسنين | الهشاشة | صحة المجتمع | تعزيز الصحة,CC BY 4.0,النص الكامل مجاني مباشرة في PMC دون اشتراك.,2026-10-07,https://pmc.ncbi.nlm.nih.gov/articles/PMC12211464/?report=xml
pa-spec-pmc12165344,الرعاية الصحية عن بُعد بتيسير العاملين بالصحة المجتمعية لارتفاع الضغط المتوسط والشديد في كينيا وأوغندا: تجربة عشوائية مضبوطة,Community health worker–facilitated telehealth for moderate–severe hypertension care in Kenya and Uganda: A randomized controlled trial,PLOS Medicine,2025,تجربة عشوائية مضبوطة استطلاعية,10.1371/journal.pmed.1004632,https://pmc.ncbi.nlm.nih.gov/articles/PMC12165344/,en,صحة المجتمع | ارتفاع ضغط الدم | الرعاية عن بعد | الوصول إلى الخدمات,Creative Commons Attribution (الإصدار غير مذكور في لوحة الحقوق),النص الكامل مجاني مباشرة في PMC دون اشتراك.,2026-10-07,https://pmc.ncbi.nlm.nih.gov/articles/PMC12165344/?report=xml
pa-spec-pmc12243220,دراسة نوعية لوجهات نظر مستخدمات خدمة مجتمعية للعنف الأسري يقودها الممرضون وأثرها في وصول النساء إلى الرعاية الصحية,A qualitative study exploring service users’ perspectives of the impact of a community-based nurse-led domestic violence service on women’s access to healthcare,BMC Nursing,2025,دراسة نوعية طولية,10.1186/s12912-025-03397-y,https://pmc.ncbi.nlm.nih.gov/articles/PMC12243220/,en,صحة المجتمع | العنف الأسري | صحة المرأة | الرعاية المراعية للصدمات,CC BY-NC-ND 4.0,النص الكامل مجاني مباشرة في PMC دون اشتراك.,2026-10-07,https://pmc.ncbi.nlm.nih.gov/articles/PMC12243220/?report=xml
pa-spec-pmc12936540,أثر تدخل بقيادة الممرضين في خفض الوزن بمجتمع حضري هندي: دراسة مختلطة استكشافية متتابعة,Impact of nurse-led intervention on weight reduction in an urban Indian community: an exploratory sequential mixed-method study,"BMJ Nutrition, Prevention & Health",2025,دراسة بأساليب مختلطة تتضمن تجربة عشوائية,10.1136/bmjnph-2025-001349,https://pmc.ncbi.nlm.nih.gov/articles/PMC12936540/,en,صحة المجتمع | السمنة | التغذية | تعزيز الصحة | الدعم الأسري,CC BY-NC 4.0,النص الكامل مجاني مباشرة في PMC دون اشتراك.,2026-10-07,https://pmc.ncbi.nlm.nih.gov/articles/PMC12936540/?report=xml
pa-edu-003,فاعلية التعلم السريري الافتراضي في تعليم التمريض: مراجعة منهجية,Effectiveness of virtual clinical learning in nursing education: a systematic review,BMC Nursing,2025,مراجعة منهجية,10.1186/s12912-025-03076-y,https://pmc.ncbi.nlm.nih.gov/articles/PMC12004849/,en,تعليم التمريض | المحاكاة الافتراضية | التواصل | حل المشكلات,CC BY-NC-ND 4.0,النص الكامل مفتوح مجانًا في PMC، مع الملخص والمتن والمراجع؛ لا يلزم اشتراك أو تسجيل.,2026-10-07,https://pmc.ncbi.nlm.nih.gov/articles/PMC12004849/
pa-edu-007,مكونات التعلم المدمج في تعليم التمريض: مراجعة منهجية,Blended learning Component in nursing education: A systematic review,Journal of Education and Health Promotion,2025,مراجعة منهجية,10.4103/jehp.jehp_981_24,https://pmc.ncbi.nlm.nih.gov/articles/PMC12822901/?report=reader,en,تعليم التمريض | التعلم المدمج | تصميم التعليم,',النص الكامل مفتوح مجانًا في PMC، مع الملخص والمتن والمراجع؛ لا يلزم اشتراك أو تسجيل.,2026-10-07,https://pmc.ncbi.nlm.nih.gov/articles/PMC12822901/?report=reader
pa-edu-009,التعلم المدمج في بكالوريوس التمريض: استكشاف خبرات الطلاب ورضاهم ومعارفهم,"Blended Learning in Bachelor’s Nursing Education: Exploring Student Experiences, Satisfaction, and Knowledge",Advances in Medical Education and Practice,2025,دراسة مقطعية مع مقارنة أداء مجموعتين من عامين دراسيين,10.2147/AMEP.S520500,https://pmc.ncbi.nlm.nih.gov/articles/PMC12256046/,en,تعليم التمريض | التعلم المدمج | رضا الطلاب | التغذية,CC BY-NC 4.0,النص الكامل مفتوح مجانًا في PMC، مع الملخص والمتن والمراجع؛ لا يلزم اشتراك أو تسجيل.,2026-10-07,https://pmc.ncbi.nlm.nih.gov/articles/PMC12256046/
pa-edu-011,تعلم الحديث عن اقتراب الوفاة: نتائج تجربة قبلية وبعدية لتقييم التعلم المدمج,Learning how to talk about approaching death: results from a pre-test post-test trial on the effectiveness of a blended-learning approach,BMC Medical Education,2025,دراسة تدخلية بقياس قبلي وبعدي,10.1186/s12909-025-07178-8,https://pmc.ncbi.nlm.nih.gov/articles/PMC12220658/,en,التعلم المدمج | التواصل | التعامل مع الوفاة | الرعاية التلطيفية | التطوير المهني المستمر,CC BY-NC-ND 4.0,النص الكامل مفتوح مجانًا في PMC، مع الملخص والمتن والمراجع؛ لا يلزم اشتراك أو تسجيل.,2026-10-07,https://pmc.ncbi.nlm.nih.gov/articles/PMC12220658/
pa-edu-015,آثار إنتاج البودكاست الموجه وغير الموجه في إدراك مهارات القراءة الإنجليزية لدى طلاب التمريض: دراسة شبه تجريبية,The Effects of Non-Guided Versus Guided Podcast Production on Perception of English Reading Skills in Undergraduate Nursing Students: A Quasi-Experimental Study,Nursing Reports,2025,دراسة شبه تجريبية,10.3390/nursrep15120424,https://pmc.ncbi.nlm.nih.gov/articles/PMC12735567/?report=reader,en,تعليم التمريض | مهارات اللغة الإنجليزية | القراءة | التعلم الرقمي,CC BY 4.0,النص الكامل مفتوح مجانًا في PMC، مع الملخص والمتن والمراجع؛ لا يلزم اشتراك أو تسجيل.,2026-10-07,https://pmc.ncbi.nlm.nih.gov/articles/PMC12735567/?report=reader
pa-edu-016,الاحتراق في برامج التعليم الصحي والإنجليزية لغةً للتدريس: الجانب الصعب للغة التعليم,Burnout in healthcare education programs and English as a Medium of Instruction: the dark side of the language of instruction,Frontiers in Medicine,2025,دراسة بطرق مختلطة,10.3389/fmed.2025.1619177,https://pmc.ncbi.nlm.nih.gov/articles/PMC12343542/,en,تعليم التمريض | مهارات اللغة الإنجليزية | الاحتراق النفسي | عوائق التعلم,',النص الكامل مفتوح مجانًا في PMC، مع الملخص والمتن والمراجع؛ لا يلزم اشتراك أو تسجيل.,2026-10-07,https://pmc.ncbi.nlm.nih.gov/articles/PMC12343542/
pa-edu-020,الاستعداد للممارسة والعوامل المرتبطة به لدى طلاب بكالوريوس التمريض في منغوليا: دراسة بطرق مختلطة,Readiness for Practice and Associated Factors Among Baccalaureate Nursing Students in Mongolia: A Mixed Methods Study,Nursing Reports,2025,دراسة بطرق مختلطة,10.3390/nursrep15110409,https://pmc.ncbi.nlm.nih.gov/articles/PMC12655393/?report=reader,en,تعليم التمريض | الاستعداد للممارسة | التدريب السريري,CC BY 4.0,النص الكامل مفتوح مجانًا في PMC، مع الملخص والمتن والمراجع؛ لا يلزم اشتراك أو تسجيل.,2026-10-07,https://pmc.ncbi.nlm.nih.gov/articles/PMC12655393/?report=reader
pa-edu-030,فاعلية التعلم عبر الهاتف في الاحتفاظ بمعارف التعلم مدى الحياة للممرضين: دراسة شبه تجريبية,Effectiveness of m-Learning in Enhancing Knowledge Retention for Nurses’ Lifelong Learning: Quasi-Experimental Study,JMIR Nursing,2025,دراسة شبه تجريبية بمجموعة واحدة وقياس قبلي وبعدي,10.2196/72957,https://pmc.ncbi.nlm.nih.gov/articles/PMC12289222/,en,التطوير المهني المستمر | التعلم الرقمي | الاحتفاظ بالمعرفة,CC BY 4.0,النص الكامل مفتوح مجانًا في PMC، مع الملخص والمتن والمراجع؛ لا يلزم اشتراك أو تسجيل.,2026-10-07,https://pmc.ncbi.nlm.nih.gov/articles/PMC12289222/
pa-edu-031,آثار حزمة تطوير مهني إلكترونية غير متزامنة لدعم ممرضي الرعاية الأولية في اتخاذ القرار المشترك,Impacts of an online asynchronous continuing professional development toolkit supporting primary care nurses to engage in shared decision-making: a single-group pre-post study,BMC Nursing,2025,دراسة بمجموعة واحدة وقياس قبلي وبعدي,10.1186/s12912-025-03014-y,https://pmc.ncbi.nlm.nih.gov/articles/PMC11987240/,en,التطوير المهني المستمر | التعلم الإلكتروني | اتخاذ القرار المشترك | الرعاية الأولية | التواصل,CC BY-NC-ND 4.0,النص الكامل مفتوح مجانًا في PMC، مع الملخص والمتن والمراجع؛ لا يلزم اشتراك أو تسجيل.,2026-10-07,https://pmc.ncbi.nlm.nih.gov/articles/PMC11987240/
pa-edu-037,تنمية المرونة والتعافي من الداخل: أثر برنامج يوغا من ثمانية أسابيع لدى طلاب التمريض,Nurturing Resilience and Healing from Within: The Impact of an 8-Week Yoga Program on Nursing Students,Healthcare,2025,دراسة نوعية بمنهج ظاهراتي تأويلي,10.3390/healthcare13070767,https://pmc.ncbi.nlm.nih.gov/articles/PMC11988955/?report=reader,en,تعليم التمريض | العناية بالنفس | المرونة النفسية | إدارة الضغط,CC BY 4.0,النص الكامل مفتوح مجانًا في PMC، مع الملخص والمتن والمراجع؛ لا يلزم اشتراك أو تسجيل.,2026-10-07,https://pmc.ncbi.nlm.nih.gov/articles/PMC11988955/?report=reader
pa-edu-038,اليقظة الذهنية في تعليم التمريض: مراجعة تكاملية,Mindfulness in nursing education: an integrative review,BMC Nursing,2025,مراجعة تكاملية,10.1186/s12912-025-04070-0,https://pmc.ncbi.nlm.nih.gov/articles/PMC12690911/,en,تعليم التمريض | اليقظة الذهنية | العناية بالنفس | إدارة الضغط,CC BY-NC-ND 4.0,النص الكامل مفتوح مجانًا في PMC، مع الملخص والمتن والمراجع؛ لا يلزم اشتراك أو تسجيل.,2026-10-07,https://pmc.ncbi.nlm.nih.gov/articles/PMC12690911/
pa-comm-034,قدرة الممرضين الصينيين على إبلاغ الأخبار الصعبة: تحليل الفئات الكامنة والعوامل المرتبطة,Chinese nurses’ ability to communicate bad news: a latent profile analysis and influencing factors,BMC Nursing,2025,دراسة مقطعية متعددة المراكز مع تحليل فئات كامنة,10.1186/s12912-025-03440-y,https://link.springer.com/article/10.1186/s12912-025-03440-y,en,إبلاغ الأخبار الصعبة | تدريب مهارات التواصل | المرونة النفسية,',النص الكامل متاح مجانًا لدى الناشر. عنوان ووصف عربيان إرشاديان؛ نص المقالة باللغة الإنجليزية.,2026-10-07,https://link.springer.com/article/10.1186/s12912-025-03440-y
pa-comm-037,المواجهة الأولى لوفاة المريض: خبرات الممرضين المبتدئين في إيران,First encounters with mortality: a qualitative study of novice nurses’ experiences with a patient’s death under their care in Iran,BMC Nursing,2025,دراسة نوعية بتحليل محتوى,10.1186/s12912-025-04000-0,https://link.springer.com/article/10.1186/s12912-025-04000-0,en,الفقد والحزن | صدمات العاملين | الانتقال إلى الممارسة | دعم العاملين,',النص الكامل متاح مجانًا لدى الناشر. عنوان ووصف عربيان إرشاديان؛ نص المقالة باللغة الإنجليزية.,2026-10-07,https://link.springer.com/article/10.1186/s12912-025-04000-0
pa-comm-040,الضيق الأخلاقي والمناخ الأخلاقي وإجهاد التعاطف لدى ممرضي الأورام,"Moral distress, ethical climate, and compassion fatigue among oncology nurses: the mediating role of moral distress",BMC Nursing,2025,دراسة وصفية ارتباطية,10.1186/s12912-024-02673-7,https://link.springer.com/article/10.1186/s12912-024-02673-7,en,صدمات العاملين | الضيق الأخلاقي | إجهاد التعاطف | رعاية السرطان,',النص الكامل متاح مجانًا لدى الناشر. عنوان ووصف عربيان إرشاديان؛ نص المقالة باللغة الإنجليزية.,2026-10-07,https://link.springer.com/article/10.1186/s12912-024-02673-7
pa-mhc-pmc12181162,الضغط الصدمي الثانوي والمرونة النفسية لدى ممرضي الطوارئ: مراجعة منهجية,Investigation of the Effect of Secondary Traumatic Stress on Psychological Resilience in Emergency Nurses: A Systematic Review,Journal of Clinical Nursing,2025,مراجعة منهجية,10.1111/jocn.17688,https://pmc.ncbi.nlm.nih.gov/articles/PMC12181162/,en,تمريض الطوارئ | الصدمات النفسية | المرونة النفسية,CC BY-NC-ND 4.0,النص الكامل مفتوح مجانًا دون اشتراك، مع أقسام الملخص والمنهج والنتائج والمناقشة؛ العنوان العربي ترجمة تعريفية والنص الأصلي باللغة الإنجليزية.,2026-10-07,https://pmc.ncbi.nlm.nih.gov/articles/PMC12181162/
pa-mhc-pmc12326711,العوامل المرتبطة باستعداد الممرضين للكوارث: مراجعة منهجية وتحليل تلوي,Influencing factors of nurses’ disaster preparedness: a systematic review and meta-analysis,BMC Public Health,2025,مراجعة منهجية وتحليل تلوي,10.1186/s12889-025-23981-w,https://pmc.ncbi.nlm.nih.gov/articles/PMC12326711/,en,تمريض الكوارث | الاستعداد للطوارئ | الممارسة المبنية على الأدلة,CC BY-NC-ND 4.0,النص الكامل مفتوح مجانًا دون اشتراك، مع أقسام الملخص والمنهج والنتائج والمناقشة؛ العنوان العربي ترجمة تعريفية والنص الأصلي باللغة الإنجليزية.,2026-10-07,https://pmc.ncbi.nlm.nih.gov/articles/PMC12326711/
pa-mhc-pmc11830908,كفايات استعداد ممرضي الطوارئ للكوارث: مراجعة خرائطية مركزة وتوليف,Emergency nurses’ disaster preparedness competencies: A focused mapping review and synthesis,Health SA Gesondheid,2025,مراجعة خرائطية مركزة,10.4102/hsag.v30i0.2770,https://hsag.co.za/index.php/hsag/article/view/2770/5457,en,تمريض الكوارث | تمريض الطوارئ | الكفايات المهنية,CC BY 4.0,النص الكامل مفتوح مجانًا دون اشتراك، مع أقسام الملخص والمنهج والنتائج والمناقشة؛ العنوان العربي ترجمة تعريفية والنص الأصلي باللغة الإنجليزية.,2026-10-07,https://hsag.co.za/index.php/hsag/article/view/2770/5457
pa-mhc-pmc11866610,العنف المهني ضد طواقم التمريض في أجنحة الجراحة بمستشفيات مرزق، ليبيا,"Occupational violence against nursing staff in the surgical wards of Murzuq locality hospitals, Libya (2024)",BMC Nursing,2025,دراسة مقطعية استكشافية,10.1186/s12912-025-02870-y,https://pmc.ncbi.nlm.nih.gov/articles/PMC11866610/,en,العنف في مكان العمل | الصحة المهنية | التمريض في البلدان العربية,CC BY 4.0,النص الكامل مفتوح مجانًا دون اشتراك، مع أقسام الملخص والمنهج والنتائج والمناقشة؛ العنوان العربي ترجمة تعريفية والنص الأصلي باللغة الإنجليزية.,2026-10-07,https://pmc.ncbi.nlm.nih.gov/articles/PMC11866610/
pa-mhc-pmc11959857,انتشار العنف في العمل والعوامل المرتبطة به لدى الممرضين في المستشفيات الصينية: دراسة وطنية مقطعية,Prevalence and associated factors of workplace violence among Chinese nurses in tertiary hospitals: a national cross-sectional study,BMC Nursing,2025,دراسة مقطعية وطنية,10.1186/s12912-025-02975-4,https://pmc.ncbi.nlm.nih.gov/articles/PMC11959857/,en,العنف في مكان العمل | الصحة المهنية | صحة العاملين,CC BY-NC-ND 4.0,النص الكامل مفتوح مجانًا دون اشتراك، مع أقسام الملخص والمنهج والنتائج والمناقشة؛ العنوان العربي ترجمة تعريفية والنص الأصلي باللغة الإنجليزية.,2026-10-07,https://pmc.ncbi.nlm.nih.gov/articles/PMC11959857/
pa-mhc-pmc11907783,العنف في العمل وخصائص الوظيفة والأقدمية لدى الممرضين: دراسة مقطعية,"Workplace violence, work characteristics, and seniority levels among nurses: a cross-sectional study",BMC Nursing,2025,دراسة مقطعية,10.1186/s12912-025-02887-3,https://pmc.ncbi.nlm.nih.gov/articles/PMC11907783/,en,العنف في مكان العمل | إدارة التمريض | الصحة المهنية,CC BY 4.0,النص الكامل مفتوح مجانًا دون اشتراك، مع أقسام الملخص والمنهج والنتائج والمناقشة؛ العنوان العربي ترجمة تعريفية والنص الأصلي باللغة الإنجليزية.,2026-10-07,https://pmc.ncbi.nlm.nih.gov/articles/PMC11907783/
pa-mhc-pmc12413994,تدخلات تمريض المجتمع وأثرها في النتائج الصحية: مراجعة منهجية دولية,Community Nursing Interventions and Their Impact on Health Outcomes: A Systematic Review of International Evidence,Cureus,2025,مراجعة منهجية,10.7759/cureus.89575,https://pmc.ncbi.nlm.nih.gov/articles/PMC12413994/,en,تمريض المجتمع | الوقاية وتعزيز الصحة | الممارسة المبنية على الأدلة,CC BY 4.0,النص الكامل مفتوح مجانًا دون اشتراك، مع أقسام الملخص والمنهج والنتائج والمناقشة؛ العنوان العربي ترجمة تعريفية والنص الأصلي باللغة الإنجليزية.,2026-10-07,https://pmc.ncbi.nlm.nih.gov/articles/PMC12413994/
pa-mhc-pmc11933766,العوامل المرتبطة بالثقافة الصحية الإلكترونية عالميًا: مراجعة منهجية وتحليل تلوي,Factors Influencing eHealth Literacy Worldwide: Systematic Review and Meta-Analysis,Journal of Medical Internet Research,2025,مراجعة منهجية وتحليل تلوي,10.2196/50313,https://www.jmir.org/2025/1/e50313/,en,الصحة الرقمية | الثقافة الصحية | السلوك الصحي,CC BY 4.0,النص الكامل مفتوح مجانًا دون اشتراك، مع أقسام الملخص والمنهج والنتائج والمناقشة؛ العنوان العربي ترجمة تعريفية والنص الأصلي باللغة الإنجليزية.,2026-10-07,https://www.jmir.org/2025/1/e50313/
pa-mhc-pmc12643288,قياس الثقافة الصحية الرقمية لدى البالغين بين 2020 و2025: مراجعة منهجية,"Evaluating adult digital health literacy, 2020–2025: A systematic review",PLOS Digital Health,2025,مراجعة منهجية,10.1371/journal.pdig.0001075,https://journals.plos.org/digitalhealth/article?id=10.1371/journal.pdig.0001075,en,الصحة الرقمية | الثقافة الصحية | القياس والتقييم,CC BY 4.0,النص الكامل مفتوح مجانًا دون اشتراك، مع أقسام الملخص والمنهج والنتائج والمناقشة؛ العنوان العربي ترجمة تعريفية والنص الأصلي باللغة الإنجليزية.,2026-10-07,https://journals.plos.org/digitalhealth/article?id=10.1371/journal.pdig.0001075
pa-mhc-pmc12174799,الحزن المهني غير الملحوظ في الرعاية الصحية: مراجعة نطاقية ومسار للتغيير,Hidden in Plain Sight: A Scoping Review of Professional Grief in Healthcare and Charting a Path for Change,Health Services Insights,2025,مراجعة نطاقية,10.1177/11786329251344772,https://pmc.ncbi.nlm.nih.gov/articles/PMC12174799/,en,الحزن والفقد | التعامل مع وفاة المرضى | صحة العاملين,CC BY-NC 4.0,النص الكامل مفتوح مجانًا دون اشتراك، مع أقسام الملخص والمنهج والنتائج والمناقشة؛ العنوان العربي ترجمة تعريفية والنص الأصلي باللغة الإنجليزية.,2026-10-07,https://pmc.ncbi.nlm.nih.gov/articles/PMC12174799/
pa-mhc-pmc12727250,واقع الحزن المهني لدى الممرضين السريريين والعوامل المرتبطة به: مراجعة نطاقية,The current situation and influencing factors of occupational grief among clinical nurses: A scoping review,Medicine,2025,مراجعة نطاقية,10.1097/MD.0000000000046468,https://pmc.ncbi.nlm.nih.gov/articles/PMC12727250/,en,الحزن والفقد | التعامل مع وفاة المرضى | صحة العاملين,CC BY 4.0,النص الكامل مفتوح مجانًا دون اشتراك، مع أقسام الملخص والمنهج والنتائج والمناقشة؛ العنوان العربي ترجمة تعريفية والنص الأصلي باللغة الإنجليزية.,2026-10-07,https://pmc.ncbi.nlm.nih.gov/articles/PMC12727250/
pa-clin-pmc11198958,الجودة والسلامة في التمريض: توصيات من مراجعة منهجية,Quality and Safety in Nursing: Recommendations From a Systematic Review,Journal for Healthcare Quality,2024,مراجعة منهجية,10.1097/JHQ.0000000000000430,https://pmc.ncbi.nlm.nih.gov/articles/PMC11198958/,en,سلامة المرضى | ثقافة السلامة | الجودة التمريضية | الممارسة المبنية على الدليل | مقالات علمية محكمة,CC BY-NC-ND 4.0,النص الكامل مفتوح للقراءة في PubMed Central دون اشتراك. عنوان الفهرس العربي ترجمة؛ المقال الأصلي بالإنجليزية.,2026-10-07,https://pmc.ncbi.nlm.nih.gov/articles/PMC11198958/
pa-clin-pmc11637327,العلاقة بين استعداد الممرضين للتفكير الناقد والإبلاغ عن حوادث سلامة المرضى: الدور الوسيط لثقافة سلامة المرضى في جناح خدمات تمريضية شاملة,Relationship between nurses’ critical thinking disposition and patient safety incident reporting: The mediating role of patient safety culture in a comprehensive nursing service ward,PLOS ONE,2024,مسح وصفي,10.1371/journal.pone.0315679,https://pmc.ncbi.nlm.nih.gov/articles/PMC11637327/,en,سلامة المرضى | ثقافة السلامة | الجودة التمريضية | الممارسة المبنية على الدليل | مقالات علمية محكمة,CC BY 4.0,النص الكامل مفتوح للقراءة في PubMed Central دون اشتراك. عنوان الفهرس العربي ترجمة؛ المقال الأصلي بالإنجليزية.,2026-10-07,https://pmc.ncbi.nlm.nih.gov/articles/PMC11637327/
pa-clin-pmc11515638,دراسة نوعية لكفاءة المرضى في المشاركة في سلامتهم: من منظور الممرضين والمرضى,A qualitative study of patient competence for patient engagement in their safety——from the perspective of nurses and patients,BMC Nursing,2024,دراسة نوعية,10.1186/s12912-024-02440-8,https://pmc.ncbi.nlm.nih.gov/articles/PMC11515638/,en,سلامة المرضى | ثقافة السلامة | الجودة التمريضية | الممارسة المبنية على الدليل | مقالات علمية محكمة,CC BY-NC-ND 4.0,النص الكامل مفتوح للقراءة في PubMed Central دون اشتراك. عنوان الفهرس العربي ترجمة؛ المقال الأصلي بالإنجليزية.,2026-10-07,https://pmc.ncbi.nlm.nih.gov/articles/PMC11515638/
pa-clin-pmc11081213,منهج سلامة المرضى: دراسة تدخلية حول فعالية تعليم سلامة المرضى لطلبة التمريض الأردنيين,The patient safety curriculum: An interventional study on the effectiveness of patient safety education for Jordanian nursing students,PLOS ONE,2024,دراسة تدخلية قبل وبعد,10.1371/journal.pone.0292713,https://pmc.ncbi.nlm.nih.gov/articles/PMC11081213/,en,سلامة المرضى | ثقافة السلامة | الجودة التمريضية | الممارسة المبنية على الدليل | مقالات علمية محكمة,CC BY 4.0,النص الكامل مفتوح للقراءة في PubMed Central دون اشتراك. عنوان الفهرس العربي ترجمة؛ المقال الأصلي بالإنجليزية.,2026-10-07,https://pmc.ncbi.nlm.nih.gov/articles/PMC11081213/
pa-clin-pmc11542263,الأسباب الجذرية لحوادث سلامة المرضى في قسم الطوارئ ومقترحات تحسين السلامة: تحليل في مستشفى تعليمي فنلندي,Root causes behind patient safety incidents in the emergency department and suggestions for improving patient safety – an analysis in a Finnish teaching hospital,BMC Emergency Medicine,2024,تحليل مختلط الطرق لحوادث السلامة,10.1186/s12873-024-01120-9,https://pmc.ncbi.nlm.nih.gov/articles/PMC11542263/,en,سلامة المرضى | ثقافة السلامة | الجودة التمريضية | الممارسة المبنية على الدليل | مقالات علمية محكمة,CC BY-NC-ND 4.0,النص الكامل مفتوح للقراءة في PubMed Central دون اشتراك. عنوان الفهرس العربي ترجمة؛ المقال الأصلي بالإنجليزية.,2026-10-07,https://pmc.ncbi.nlm.nih.gov/articles/PMC11542263/
pa-clin-pmc10995798,معرفة نظافة اليدين لدى الممرضين وطلبة التمريض: مسح وصفي مقطعي مقارن باستخدام استبيان منظمة الصحة العالمية لمعرفة نظافة اليدين,Hand hygiene knowledge among nurses and nursing students–a descriptive cross-sectional comparative survey using the WHO's “Hand Hygiene Knowledge Questionnaire”,Infection Prevention in Practice,2024,دراسة مقطعية,10.1016/j.infpip.2024.100358,https://pmc.ncbi.nlm.nih.gov/articles/PMC10995798/,en,مكافحة العدوى | نظافة اليدين | المهارات التمريضية | الممارسة المبنية على الدليل | مقالات علمية محكمة,CC BY 4.0,النص الكامل مفتوح للقراءة في PubMed Central دون اشتراك. عنوان الفهرس العربي ترجمة؛ المقال الأصلي بالإنجليزية.,2026-10-07,https://pmc.ncbi.nlm.nih.gov/articles/PMC10995798/
pa-clin-pmc11613860,معرفة نظافة اليدين وتقييم تقنية غسلهما لدى الممرضين في مستشفى جامعة نيجيريا التعليمي,Knowledge of hand hygiene and evaluation of hand washing technique among nurses at the University of Nigeria Teaching Hospital,BMC Nursing,2024,دراسة مقطعية,10.1186/s12912-024-02519-2,https://pmc.ncbi.nlm.nih.gov/articles/PMC11613860/,en,مكافحة العدوى | نظافة اليدين | المهارات التمريضية | الممارسة المبنية على الدليل | مقالات علمية محكمة,CC BY-NC-ND 4.0,النص الكامل مفتوح للقراءة في PubMed Central دون اشتراك. عنوان الفهرس العربي ترجمة؛ المقال الأصلي بالإنجليزية.,2026-10-07,https://pmc.ncbi.nlm.nih.gov/articles/PMC11613860/
pa-clin-pmc11218338,التفاعل بين تأثيرات الثقة المفرطة وصيغ التدريب في تعليم الممرضين نظافة اليدين,Interaction between overconfidence effects and training formats in nurses’ education in hand hygiene,BMC Nursing,2024,مسح مقطعي متعدد المراكز,10.1186/s12912-024-02020-w,https://pmc.ncbi.nlm.nih.gov/articles/PMC11218338/,en,مكافحة العدوى | نظافة اليدين | المهارات التمريضية | الممارسة المبنية على الدليل | مقالات علمية محكمة,CC BY 4.0,النص الكامل مفتوح للقراءة في PubMed Central دون اشتراك. عنوان الفهرس العربي ترجمة؛ المقال الأصلي بالإنجليزية.,2026-10-07,https://pmc.ncbi.nlm.nih.gov/articles/PMC11218338/
pa-clin-pmc11529676,المرونة في ممارسة إعطاء الأدوية في التمريض: مراجعة منهجية مع تركيب سردي,Resilience in nursing medication administration practice: a systematic review with narrative synthesis,BMJ Open Quality,2024,مراجعة منهجية,10.1136/bmjoq-2023-002711,https://pmc.ncbi.nlm.nih.gov/articles/PMC11529676/,en,سلامة الدواء | إعطاء الأدوية | حساب الجرعات | الممارسة المبنية على الدليل | مقالات علمية محكمة,CC BY-NC 4.0,النص الكامل مفتوح للقراءة في PubMed Central دون اشتراك. عنوان الفهرس العربي ترجمة؛ المقال الأصلي بالإنجليزية.,2026-10-07,https://pmc.ncbi.nlm.nih.gov/articles/PMC11529676/
pa-clin-pmc11056835,أسباب أخطاء إعطاء الأدوية وعوائق الإبلاغ كما يراها الممرضون في السعودية: دراسة نوعية,Causes of medication administration errors and barriers to reporting as perceived by nurses in Saudi Arabia: A qualitative study,Belitung Nursing Journal,2024,دراسة نوعية,10.33546/bnj.3249,https://pmc.ncbi.nlm.nih.gov/articles/PMC11056835/,en,سلامة الدواء | إعطاء الأدوية | حساب الجرعات | الممارسة المبنية على الدليل | مقالات علمية محكمة,',النص الكامل مفتوح للقراءة في PubMed Central دون اشتراك. عنوان الفهرس العربي ترجمة؛ المقال الأصلي بالإنجليزية.,2026-10-07,https://pmc.ncbi.nlm.nih.gov/articles/PMC11056835/
pa-clin-pmc11495113,تأثير المحاكاة عبر الشاشة في اكتساب طلبة التمريض مهارات إعطاء الأدوية وحساب الجرعات: تجربة عشوائية مضبوطة,The effects of screen-based simulation on nursing students’ acquisition of medication administration and dosage calculation skills: a randomized controlled trial,BMC Nursing,2024,تجربة عشوائية مضبوطة,10.1186/s12912-024-02436-4,https://pmc.ncbi.nlm.nih.gov/articles/PMC11495113/,en,سلامة الدواء | إعطاء الأدوية | حساب الجرعات | الممارسة المبنية على الدليل | مقالات علمية محكمة,CC BY-NC-ND 4.0,النص الكامل مفتوح للقراءة في PubMed Central دون اشتراك. عنوان الفهرس العربي ترجمة؛ المقال الأصلي بالإنجليزية.,2026-10-07,https://pmc.ncbi.nlm.nih.gov/articles/PMC11495113/
pa-clin-pmc11650666,تأثير الحوار المنظم بين الممرض والمريض في الوقاية من السقوط في مستشفى للرعاية الحادة: دراسة مختلطة,Effect of structured nurse-patient conversation on preventing falls among patients in an acute care hospital: A mixed study,International Journal of Nursing Sciences,2024,دراسة مختلطة الطرق,10.1016/j.ijnss.2024.08.012,https://pmc.ncbi.nlm.nih.gov/articles/PMC11650666/,en,الوقاية من السقوط | الحركة الآمنة | رعاية كبار السن | الممارسة المبنية على الدليل | مقالات علمية محكمة,CC BY-NC-ND 4.0,النص الكامل مفتوح للقراءة في PubMed Central دون اشتراك. عنوان الفهرس العربي ترجمة؛ المقال الأصلي بالإنجليزية.,2026-10-07,https://pmc.ncbi.nlm.nih.gov/articles/PMC11650666/
pa-clin-pmc11683959,استراتيجيات تنفيذ تدخلات الوقاية من السقوط في المستشفيات: مراجعة منهجية,Implementation strategies of fall prevention interventions in hospitals: a systematic review,BMJ Open Quality,2024,مراجعة منهجية,10.1136/bmjoq-2024-003006,https://pmc.ncbi.nlm.nih.gov/articles/PMC11683959/,en,الوقاية من السقوط | الحركة الآمنة | رعاية كبار السن | الممارسة المبنية على الدليل | مقالات علمية محكمة,CC BY-NC 4.0,النص الكامل مفتوح للقراءة في PubMed Central دون اشتراك. عنوان الفهرس العربي ترجمة؛ المقال الأصلي بالإنجليزية.,2026-10-07,https://pmc.ncbi.nlm.nih.gov/articles/PMC11683959/
pa-clin-pmc11660957,خصائص التجارب الفعالة للوقاية من السقوط في المستشفى: تحليل مكونات التدخل,Features of effective hospital fall prevention trials: an intervention component analysis,BMC Geriatrics,2024,تحليل مكونات تدخلات تجريبية,10.1186/s12877-024-05587-w,https://pmc.ncbi.nlm.nih.gov/articles/PMC11660957/,en,الوقاية من السقوط | الحركة الآمنة | رعاية كبار السن | الممارسة المبنية على الدليل | مقالات علمية محكمة,CC BY-NC-ND 4.0,النص الكامل مفتوح للقراءة في PubMed Central دون اشتراك. عنوان الفهرس العربي ترجمة؛ المقال الأصلي بالإنجليزية.,2026-10-07,https://pmc.ncbi.nlm.nih.gov/articles/PMC11660957/
pa-clin-pmc11259443,الرعاية التمريضية لكبار السن في المستشفى: حوادث السقوط مقابل الحركة الآمنة: مراجعة نطاقية,Nursing care for hospitalized older adults - fall accidents versus safe mobility: a scoping review,Revista Brasileira de Enfermagem,2024,مراجعة نطاقية,10.1590/0034-7167-2023-0180,https://pmc.ncbi.nlm.nih.gov/articles/PMC11259443/,en,الوقاية من السقوط | الحركة الآمنة | رعاية كبار السن | الممارسة المبنية على الدليل | مقالات علمية محكمة,',النص الكامل مفتوح للقراءة في PubMed Central دون اشتراك. عنوان الفهرس العربي ترجمة؛ المقال الأصلي بالإنجليزية.,2026-10-07,https://pmc.ncbi.nlm.nih.gov/articles/PMC11259443/
pa-clin-pmc11576179,تقييم اتجاهات الممرضين وسلوكياتهم والعوائق أمام الوقاية من قرح الضغط في وحدات العناية المركزة لحديثي الولادة والأطفال,"Evaluation of Nurses’ attitudes, behaviors, and barriers toward pressure ulcer prevention in neonatal and pediatric intensive care units",Frontiers in Pediatrics,2024,دراسة وصفية باستبيانات,10.3389/fped.2024.1455950,https://pmc.ncbi.nlm.nih.gov/articles/PMC11576179/,en,إصابات الضغط | العناية بالجلد والجروح | الوقاية من المضاعفات | الممارسة المبنية على الدليل | مقالات علمية محكمة,CC BY 4.0,النص الكامل مفتوح للقراءة في PubMed Central دون اشتراك. عنوان الفهرس العربي ترجمة؛ المقال الأصلي بالإنجليزية.,2026-10-07,https://pmc.ncbi.nlm.nih.gov/articles/PMC11576179/
pa-clin-pmc11446956,دراسة انتشار إصابات الضغط وتحسين الممارسة «PIPPI»: تقييم متعدد الطرق لممارسات الوقاية من إصابات الضغط في مستشفى للرعاية الحادة,The pressure injury prevalence and practice improvements (PIPPI) study: A multiple methods evaluation of pressure injury prevention practices in an acute‐care hospital,International Wound Journal,2024,تقييم متعدد الطرق,10.1111/iwj.70050,https://pmc.ncbi.nlm.nih.gov/articles/PMC11446956/,en,إصابات الضغط | العناية بالجلد والجروح | الوقاية من المضاعفات | الممارسة المبنية على الدليل | مقالات علمية محكمة,CC BY-NC 4.0,النص الكامل مفتوح للقراءة في PubMed Central دون اشتراك. عنوان الفهرس العربي ترجمة؛ المقال الأصلي بالإنجليزية.,2026-10-07,https://pmc.ncbi.nlm.nih.gov/articles/PMC11446956/
pa-clin-pmc11386271,تبنّي الإرشادات الدولية للوقاية من قرح وإصابات الضغط وعلاجها: تحليل استشهادات منهجي محدث,The uptake of the international pressure ulcer/injury prevention and treatment guidelines: An updated systematic citation analysis,International Wound Journal,2024,تحليل استشهادات منهجي,10.1111/iwj.70036,https://pmc.ncbi.nlm.nih.gov/articles/PMC11386271/,en,إصابات الضغط | العناية بالجلد والجروح | الوقاية من المضاعفات | الممارسة المبنية على الدليل | مقالات علمية محكمة,CC BY-NC-ND 4.0,النص الكامل مفتوح للقراءة في PubMed Central دون اشتراك. عنوان الفهرس العربي ترجمة؛ المقال الأصلي بالإنجليزية.,2026-10-07,https://pmc.ncbi.nlm.nih.gov/articles/PMC11386271/?pdf=render
pa-clin-pmc11600595,مؤشرات التدهور السريري لدى مرضى الأجنحة العامة البالغين من منظور الممرضين: مراجعة منهجية مختلطة الطرق,Indicators of clinical deterioration in adult general ward patients from nurses’ perspectives: a mixed-methods systematic review,BMC Nursing,2024,مراجعة منهجية مختلطة الطرق,10.1186/s12912-024-02531-6,https://pmc.ncbi.nlm.nih.gov/articles/PMC11600595/,en,التدهور السريري | التقييم التمريضي | الإنذار المبكر | الممارسة المبنية على الدليل | مقالات علمية محكمة,CC BY-NC-ND 4.0,النص الكامل مفتوح للقراءة في PubMed Central دون اشتراك. عنوان الفهرس العربي ترجمة؛ المقال الأصلي بالإنجليزية.,2026-10-07,https://pmc.ncbi.nlm.nih.gov/articles/PMC11600595/
pa-clin-pmc10905788,اكتشاف ممرضي الأجنحة العامة للتدهور السريري والاستجابة له في ثلاثة مستشفيات على الساحل الكيني: دراسة مختلطة الطرق متوازية متقاربة,General ward nurses detection and response to clinical deterioration in three hospitals at the Kenyan coast: a convergent parallel mixed methods study,BMC Nursing,2024,دراسة مختلطة الطرق,10.1186/s12912-024-01822-2,https://pmc.ncbi.nlm.nih.gov/articles/PMC10905788/,en,التدهور السريري | التقييم التمريضي | الإنذار المبكر | الممارسة المبنية على الدليل | مقالات علمية محكمة,CC BY 4.0,النص الكامل مفتوح للقراءة في PubMed Central دون اشتراك. عنوان الفهرس العربي ترجمة؛ المقال الأصلي بالإنجليزية.,2026-10-07,https://pmc.ncbi.nlm.nih.gov/articles/PMC10905788/
pa-clin-pmc10964528,التقييم السيكومتري لنظام دعم القرار لدى ممرضي الخدمات البلدية الذين يواجهون تدهور صحة كبار السن,Psychometric evaluation of the Decision Support System (DSS) for municipal nurses encountering health deterioration among older adults,BMC Geriatrics,2024,دراسة تحقق سيكومتري,10.1186/s12877-024-04903-8,https://pmc.ncbi.nlm.nih.gov/articles/PMC10964528/,en,التدهور السريري | التقييم التمريضي | الإنذار المبكر | الممارسة المبنية على الدليل | مقالات علمية محكمة,CC BY 4.0,النص الكامل مفتوح للقراءة في PubMed Central دون اشتراك. عنوان الفهرس العربي ترجمة؛ المقال الأصلي بالإنجليزية.,2026-10-07,https://pmc.ncbi.nlm.nih.gov/articles/PMC10964528/
pa-clin-pmc11344952,مقارنة طريقة SBAR ونموذج تسليم معدل في جودة تسليم الحالات وإدراك الممرضين في قسم الطوارئ: دراسة شبه تجريبية,Comparison of the SBAR method and modified handover model on handover quality and nurse perception in the emergency department: a quasi-experimental study,BMC Nursing,2024,دراسة شبه تجريبية,10.1186/s12912-024-02266-4,https://pmc.ncbi.nlm.nih.gov/articles/PMC11344952/,en,العمل الجماعي | تسليم الحالات | التواصل بين المهن الصحية | الممارسة المبنية على الدليل | مقالات علمية محكمة,CC BY-NC-ND 4.0,النص الكامل مفتوح للقراءة في PubMed Central دون اشتراك. عنوان الفهرس العربي ترجمة؛ المقال الأصلي بالإنجليزية.,2026-10-07,https://pmc.ncbi.nlm.nih.gov/articles/PMC11344952/?pdf=render
pa-clin-pmc11147451,فهم العمل الجماعي في الرعاية الصحية: تصنيف لفرق المستشفيات,Decoding healthcare teamwork: a typology of hospital teams,Journal of Interprofessional Care,2024,دراسة نوعية,10.1080/13561820.2024.2343835,https://pmc.ncbi.nlm.nih.gov/articles/PMC11147451/,en,العمل الجماعي | تسليم الحالات | التواصل بين المهن الصحية | الممارسة المبنية على الدليل | مقالات علمية محكمة,CC BY 4.0,النص الكامل مفتوح للقراءة في PubMed Central دون اشتراك. عنوان الفهرس العربي ترجمة؛ المقال الأصلي بالإنجليزية.,2026-10-07,https://pmc.ncbi.nlm.nih.gov/articles/PMC11147451/
pa-clin-pmc11247800,العمل الجماعي وتنفيذ الابتكارات في الرعاية الصحية والخدمات الإنسانية: مراجعة منهجية,Teamwork and implementation of innovations in healthcare and human service settings: a systematic review,Implementation Science,2024,مراجعة منهجية,10.1186/s13012-024-01381-9,https://pmc.ncbi.nlm.nih.gov/articles/PMC11247800/,en,العمل الجماعي | تسليم الحالات | التواصل بين المهن الصحية | الممارسة المبنية على الدليل | مقالات علمية محكمة,CC BY 4.0,النص الكامل مفتوح للقراءة في PubMed Central دون اشتراك. عنوان الفهرس العربي ترجمة؛ المقال الأصلي بالإنجليزية.,2026-10-07,https://pmc.ncbi.nlm.nih.gov/articles/PMC11247800/?pdf=render
pa-spec-pmc11329041,فاعلية عيادات قصور القلب التي يقودها الممرضون: مراجعة منهجية,Effectiveness of nurse-led heart failure clinic: A systematic review,International Journal of Nursing Sciences,2024,مراجعة منهجية,10.1016/j.ijnss.2024.04.001,https://pmc.ncbi.nlm.nih.gov/articles/PMC11329041/,en,تمريض البالغين | قصور القلب | التثقيف الصحي | الأمراض المزمنة,CC BY-NC-ND 4.0,النص الكامل مجاني مباشرة في PMC دون اشتراك.,2026-10-07,https://pmc.ncbi.nlm.nih.gov/articles/PMC11329041/?report=xml
pa-spec-pmc11481074,أثر تدخل للرعاية المتكاملة بقيادة الممرضين في جودة الحياة وإعادة الاستشفاء لدى مرضى التفاقم الشديد للانسداد الرئوي المزمن: دراسة استطلاعية,Effect of a nurse-led integrated care intervention on quality of life and rehospitalisation in patients with severe exacerbation of COPD—a pilot study,Chronic Respiratory Disease,2024,دراسة استطلاعية عنقودية غير عشوائية,10.1177/14799731241291067,https://pmc.ncbi.nlm.nih.gov/articles/PMC11481074/,en,تمريض البالغين | الانسداد الرئوي المزمن | الرعاية الانتقالية | الأمراض المزمنة,CC BY 4.0,النص الكامل مجاني مباشرة في PMC دون اشتراك.,2026-10-07,https://pmc.ncbi.nlm.nih.gov/articles/PMC11481074/?report=xml
pa-spec-pmc11567050,كيف ندعم أسر مرضى العناية المركزة؟ مراجعة منهجية للمراجعات النوعية وتوليف نوعي وتوصيات جديدة للرعاية التمريضية,"How can family members of patients in the intensive care unit be supported? A systematic review of qualitative reviews, meta-synthesis, and novel recommendations for nursing care",International Journal of Nursing Studies Advances,2024,مراجعة منهجية للمراجعات وتوليف نوعي,10.1016/j.ijnsa.2024.100251,https://pmc.ncbi.nlm.nih.gov/articles/PMC11567050/,en,العناية الحرجة | تمريض الأسرة | التواصل | الدعم النفسي,CC BY-NC-ND 4.0,النص الكامل مجاني مباشرة في PMC دون اشتراك.,2026-10-07,https://pmc.ncbi.nlm.nih.gov/articles/PMC11567050/?report=xml
pa-spec-pmc11181566,بروتوكولات الوقاية من إصابات الضغط المرتبطة بالأجهزة الطبية وتأثيراتها لدى المرضى ذوي الحالات الحرجة: مراجعة منهجية,Protocols and their effects for medical device-related pressure injury prevention among critically ill patients: a systematic review,BMC Nursing,2024,مراجعة منهجية,10.1186/s12912-024-02080-y,https://pmc.ncbi.nlm.nih.gov/articles/PMC11181566/,en,العناية الحرجة | إصابات الضغط | الأجهزة الطبية | سلامة المرضى,CC BY 4.0,النص الكامل مجاني مباشرة في PMC دون اشتراك.,2026-10-07,https://pmc.ncbi.nlm.nih.gov/articles/PMC11181566/?report=xml
pa-spec-pmc11621737,تدخلات غير دوائية لتدبير ألم وقلق الأطفال بعد الجراحة: تجربة عشوائية مضبوطة,Nonpharmacological interventions for managing postoperative pain and anxiety in children: a randomized controlled trial,Clinical and Experimental Pediatrics,2024,تجربة عشوائية مضبوطة,10.3345/cep.2023.01690,https://pmc.ncbi.nlm.nih.gov/articles/PMC11621737/,en,تمريض الأطفال | الألم | القلق | الرعاية بعد الجراحة,CC BY-NC 4.0,النص الكامل مجاني مباشرة في PMC دون اشتراك.,2026-10-07,https://pmc.ncbi.nlm.nih.gov/articles/PMC11621737/?report=xml
pa-spec-pmc11503445,تدخلات يقودها الممرضون تخفض عدوى مجرى الدم المرتبطة بالخط المركزي إلى قرب الصفر في منشأة واحدة لأورام الأطفال: دراسة رصدية استعادية أحادية المركز,Nurse-Driven Interventions Reduce Central Line-Associated Bloodstream Infection Close to Zero in One Pediatric Oncologic Facility: A Single-Center Retrospective Observational Study,Nursing Reports,2024,دراسة رصدية استعادية,10.3390/nursrep14040197,https://pmc.ncbi.nlm.nih.gov/articles/PMC11503445/,en,تمريض الأطفال | أورام الأطفال | القسطرة المركزية | مكافحة العدوى,CC BY 4.0,النص الكامل مجاني مباشرة في PMC دون اشتراك.,2026-10-07,https://pmc.ncbi.nlm.nih.gov/articles/PMC11503445/?report=xml
pa-spec-pmc11364134,أثر تدخل يقوده العاملون بالصحة المجتمعية لتحسين ضبط ضغط الدم في نيبال الحضرية: تجربة عشوائية عنقودية مفتوحة,Impact of a community health worker led intervention for improved blood pressure control in urban Nepal: an open-label cluster randomised controlled trial,The Lancet Regional Health - Southeast Asia,2024,تجربة عشوائية عنقودية مفتوحة,10.1016/j.lansea.2024.100461,https://pmc.ncbi.nlm.nih.gov/articles/PMC11364134/,en,صحة المجتمع | ارتفاع ضغط الدم | الزيارات المنزلية | تعزيز الصحة,CC BY 4.0,النص الكامل مجاني مباشرة في PMC دون اشتراك.,2026-10-07,https://pmc.ncbi.nlm.nih.gov/articles/PMC11364134/?report=xml
pa-edu-001,فاعلية التعلم بالمحاكاة في معارف طلاب برامج التمريض ومهاراتهم: مراجعة منهجية,The effectiveness of simulation-based learning (SBL) on students’ knowledge and skills in nursing programs: a systematic review,BMC Medical Education,2024,مراجعة منهجية,10.1186/s12909-024-06080-z,https://pmc.ncbi.nlm.nih.gov/articles/PMC11459713/,en,تعليم التمريض | المحاكاة | المهارات السريرية,CC BY 4.0,النص الكامل مفتوح مجانًا في PMC، مع الملخص والمتن والمراجع؛ لا يلزم اشتراك أو تسجيل.,2026-10-07,https://pmc.ncbi.nlm.nih.gov/articles/PMC11459713/
pa-edu-010,خبرات طلاب بكالوريوس التمريض وتصوراتهم عن التعلم المدمج في تمريض الأطفال: دراسة بطرق مختلطة,Nursing Undergraduate Students’ Experiences and Perceptions of Blended Learning in Pediatric Nursing: A Mixed Methods Study,SAGE Open Nursing,2024,دراسة بطرق مختلطة,10.1177/23779608241274214,https://pmc.ncbi.nlm.nih.gov/articles/PMC11384974/,en,تعليم التمريض | التعلم المدمج | تمريض الأطفال | العمل الجماعي,CC BY-NC 4.0,النص الكامل مفتوح مجانًا في PMC، مع الملخص والمتن والمراجع؛ لا يلزم اشتراك أو تسجيل.,2026-10-07,https://pmc.ncbi.nlm.nih.gov/articles/PMC11384974/
pa-edu-014,استمرار أثر تدخلين للقراءة في فهم طلاب التمريض السعوديين للأبحاث العلمية,The sustainability effects of two reading interventions on Saudi nursing students’ comprehension of scientific research,PLOS ONE,2024,دراسة مقارنة عشوائية بمجموعتين وقياس بعدي,10.1371/journal.pone.0309898,https://pmc.ncbi.nlm.nih.gov/articles/PMC11500948/,en,تعليم التمريض | مهارات اللغة الإنجليزية | قراءة الأبحاث | الممارسة المبنية على الأدلة,CC BY 4.0,النص الكامل مفتوح مجانًا في PMC، مع الملخص والمتن والمراجع؛ لا يلزم اشتراك أو تسجيل.,2026-10-07,https://pmc.ncbi.nlm.nih.gov/articles/PMC11500948/
pa-edu-019,الاستعداد السريري للممارسة لدى طلاب التمريض: تحليل مفهوم,Clinical Readiness for Practice of Nursing Students: A Concept Analysis,International Journal of Environmental Research and Public Health,2024,تحليل مفهوم,10.3390/ijerph21121610,https://pmc.ncbi.nlm.nih.gov/articles/PMC11675653/?report=reader,en,تعليم التمريض | الاستعداد للممارسة | التدريب السريري,CC BY 4.0,النص الكامل مفتوح مجانًا في PMC، مع الملخص والمتن والمراجع؛ لا يلزم اشتراك أو تسجيل.,2026-10-07,https://pmc.ncbi.nlm.nih.gov/articles/PMC11675653/?report=reader
pa-edu-022,استعداد طلاب التمريض للوضع الطبيعي الجديد في الممارسة السريرية: منظور نوعي للإدراك الموزع,Nursing students’ readiness towards the ‘new normal’ in clinical practice: a distributed cognition qualitative perspective,BMC Nursing,2024,دراسة نوعية,10.1186/s12912-024-01819-x,https://pmc.ncbi.nlm.nih.gov/articles/PMC11034143/?report=reader,en,تعليم التمريض | الاستعداد للممارسة | التدريب السريري,CC BY 4.0,النص الكامل مفتوح مجانًا في PMC، مع الملخص والمتن والمراجع؛ لا يلزم اشتراك أو تسجيل.,2026-10-07,https://pmc.ncbi.nlm.nih.gov/articles/PMC11034143/?report=reader
pa-edu-023,مستويات استعداد طلاب الامتياز في التمريض خلال الانتقال إلى الممارسة المهنية في منطقة الجوف السعودية,Readiness levels of intern nursing students during the transition to professional practice within the Al Jouf Region in Saudi Arabia,BMC Nursing,2024,دراسة وصفية ارتباطية مع بيانات نوعية,10.1186/s12912-024-02106-5,https://pmc.ncbi.nlm.nih.gov/articles/PMC11191268/?report=reader,en,تعليم التمريض | الاستعداد للممارسة | الامتياز | الانتقال إلى المهنة,CC BY 4.0,النص الكامل مفتوح مجانًا في PMC، مع الملخص والمتن والمراجع؛ لا يلزم اشتراك أو تسجيل.,2026-10-07,https://pmc.ncbi.nlm.nih.gov/articles/PMC11191268/?report=reader
pa-edu-024,المحافظة على مهارات الإنعاش القلبي الرئوي لدى طلاب تمريض تدربوا ببرنامج تحسين جودة الإنعاش,Maintenance of CPR skills among nursing students trained using Resuscitation Quality Improvement® program,Resuscitation Plus,2024,دراسة طولية متعددة المواقع,10.1016/j.resplu.2024.100782,https://pmc.ncbi.nlm.nih.gov/articles/PMC11426146/,en,تعليم التمريض | الإنعاش القلبي الرئوي | المحاكاة | الاحتفاظ بالمهارات,',النص الكامل مفتوح مجانًا في PMC، مع الملخص والمتن والمراجع؛ لا يلزم اشتراك أو تسجيل.,2026-10-07,https://pmc.ncbi.nlm.nih.gov/articles/PMC11426146/
pa-edu-035,الدور الوسيط للقدرة على التعلم الذاتي بين الهوية المهنية والاحتراق لدى طلاب التمريض,The mediating effect of self-directed learning ability between professional identity and burnout among nursing students,Heliyon,2024,دراسة مقطعية مع تحليل وساطة إحصائي,10.1016/j.heliyon.2024.e27707,https://pmc.ncbi.nlm.nih.gov/articles/PMC10944253/?report=reader,en,تعليم التمريض | الاحتراق النفسي | التعلم الذاتي | الهوية المهنية,',النص الكامل مفتوح مجانًا في PMC، مع الملخص والمتن والمراجع؛ لا يلزم اشتراك أو تسجيل.,2026-10-07,https://pmc.ncbi.nlm.nih.gov/articles/PMC10944253/?report=reader
pa-comm-001,عوائق التواصل العلاجي بين الممرضين والمرضى ونتائجه في أفريقيا: مراجعة نطاقية,Barriers and outcomes of therapeutic communication between nurses and patients in Africa: a scoping review,BMC Nursing,2024,مراجعة نطاقية,10.1186/s12912-024-02038-0,https://link.springer.com/article/10.1186/s12912-024-02038-0,en,التواصل العلاجي | العلاقة بين الممرض والمريض | عوائق التواصل,',النص الكامل متاح مجانًا لدى الناشر. عنوان ووصف عربيان إرشاديان؛ نص المقالة باللغة الإنجليزية.,2026-10-07,https://link.springer.com/article/10.1186/s12912-024-02038-0
pa-comm-002,تحديد عوائق التواصل بين الممرضين والمرضى من منظور الممرضين الإيرانيين بمنهجية Q,Identifying communication barriers between nurses and patients from the perspective of Iranian nurses: a Q-methodology-based study,BMC Nursing,2024,دراسة بمنهجية Q,10.1186/s12912-024-02136-z,https://link.springer.com/article/10.1186/s12912-024-02136-z,en,التواصل العلاجي | العلاقة بين الممرض والمريض | عوائق التواصل,',النص الكامل متاح مجانًا لدى الناشر. عنوان ووصف عربيان إرشاديان؛ نص المقالة باللغة الإنجليزية.,2026-10-07,https://link.springer.com/article/10.1186/s12912-024-02136-z
pa-comm-004,مقارنة عوائق التواصل الفعال بين الممرض والمريض في أجنحة كوفيد وغيرها,Comparison of barriers to effective nurse-patient communication in COVID-19 and non-COVID-19 wards,BMC Nursing,2024,دراسة مقطعية وصفية,10.1186/s12912-024-01947-4,https://link.springer.com/article/10.1186/s12912-024-01947-4,en,التواصل العلاجي | العلاقة بين الممرض والمريض | الرعاية أثناء الأوبئة,CC BY 4.0,النص الكامل متاح مجانًا لدى الناشر. عنوان ووصف عربيان إرشاديان؛ نص المقالة باللغة الإنجليزية.,2026-10-07,https://link.springer.com/article/10.1186/s12912-024-01947-4
pa-comm-006,التعاطف السريري الرقمي في الدردشة المباشرة: دراسة نوعية واختبارات قابلية الاستخدام,Digital clinical empathy in a live chat: multiple findings from a formative qualitative study and usability tests,BMC Health Services Research,2024,دراسة نوعية تكوينية واختبارات قابلية استخدام,10.1186/s12913-024-10785-8,https://link.springer.com/article/10.1186/s12913-024-10785-8,en,التعاطف | التواصل الرقمي | التواصل العلاجي,',النص الكامل متاح مجانًا لدى الناشر. عنوان ووصف عربيان إرشاديان؛ نص المقالة باللغة الإنجليزية.,2026-10-07,https://link.springer.com/article/10.1186/s12913-024-10785-8
pa-comm-007,أثر تثقيف الرضاعة الطبيعية بطريقة إعادة الشرح في الكفاءة الذاتية والنجاح: دراسة عشوائية مضبوطة,The effect of breastfeeding education given through the teach-back method on mothers’ breastfeeding self-efficacy and breastfeeding success: a randomized controlled study,BMC Pregnancy and Childbirth,2024,تجربة عشوائية مضبوطة,10.1186/s12884-024-06601-0,https://link.springer.com/article/10.1186/s12884-024-06601-0,en,تثقيف المريض | إعادة الشرح للتحقق من الفهم | الرضاعة الطبيعية,',النص الكامل متاح مجانًا لدى الناشر. عنوان ووصف عربيان إرشاديان؛ نص المقالة باللغة الإنجليزية.,2026-10-07,https://link.springer.com/article/10.1186/s12884-024-06601-0
pa-comm-008,ملخصات الخروج المتمحورة حول المريض لدعم السلامة والثقافة الصحية: تجربة عشوائية مزدوجة التعمية,Patient-centered discharge summaries to support safety and individual health literacy: a double-blind randomized controlled trial in Austria,BMC Health Services Research,2024,تجربة عشوائية مضبوطة مزدوجة التعمية,10.1186/s12913-024-11183-w,https://link.springer.com/article/10.1186/s12913-024-11183-w,en,تثقيف المريض | الثقافة الصحية | الخروج من المستشفى | سلامة المريض,CC BY 4.0,النص الكامل متاح مجانًا لدى الناشر. عنوان ووصف عربيان إرشاديان؛ نص المقالة باللغة الإنجليزية.,2026-10-07,https://link.springer.com/article/10.1186/s12913-024-11183-w
pa-comm-009,أثر التثقيف بطريقة إعادة الشرح في الرعاية الذاتية وجودة الحياة لدى مرضى قصور القلب: مراجعة منهجية,Effects of education based on teach-back methods on self‑care and quality of life of the patients with heart failure: a systematic review,BMC Cardiovascular Disorders,2024,مراجعة منهجية,10.1186/s12872-024-04264-5,https://link.springer.com/article/10.1186/s12872-024-04264-5,en,تثقيف المريض | إعادة الشرح للتحقق من الفهم | قصور القلب | الرعاية الذاتية,',النص الكامل متاح مجانًا لدى الناشر. عنوان ووصف عربيان إرشاديان؛ نص المقالة باللغة الإنجليزية.,2026-10-07,https://link.springer.com/article/10.1186/s12872-024-04264-5
pa-comm-010,فاعلية التدخلات البصرية لتحسين الثقافة الصحية: مراجعة منهجية وتحليل تلوي,The effectiveness of visual-based interventions on health literacy in health care: a systematic review and meta-analysis,BMC Health Services Research,2024,مراجعة منهجية وتحليل تلوي,10.1186/s12913-024-11138-1,https://link.springer.com/article/10.1186/s12913-024-11138-1,en,تثقيف المريض | الثقافة الصحية | التثقيف البصري,CC BY 4.0,النص الكامل متاح مجانًا لدى الناشر. عنوان ووصف عربيان إرشاديان؛ نص المقالة باللغة الإنجليزية.,2026-10-07,https://link.springer.com/article/10.1186/s12913-024-11138-1
pa-comm-011,تدخلات الثقافة الصحية للحوامل محدودات إتقان لغة بلد الإقامة: مراجعة منهجية,Health literacy interventions for pregnant women with limited language proficiency in the country they live in: a systematic review,BMC Public Health,2024,مراجعة منهجية,10.1186/s12889-024-20747-8,https://link.springer.com/article/10.1186/s12889-024-20747-8,en,تثقيف المريض | الثقافة الصحية | التواصل عبر اللغات | صحة الأم,CC BY 4.0,النص الكامل متاح مجانًا لدى الناشر. عنوان ووصف عربيان إرشاديان؛ نص المقالة باللغة الإنجليزية.,2026-10-07,https://link.springer.com/article/10.1186/s12889-024-20747-8
pa-comm-012,فاعلية طريقة إعادة الشرح في تثقيف مرضى الكلى المزمن: مراجعة منهجية,Effectiveness of teach-back for chronic kidney disease patient education: A systematic review,Journal of Renal Care,2024,مراجعة منهجية,10.1111/jorc.12462,https://onlinelibrary.wiley.com/doi/full/10.1111/jorc.12462,en,تثقيف المريض | إعادة الشرح للتحقق من الفهم | مرض الكلى المزمن | الرعاية الذاتية,',النص الكامل متاح مجانًا لدى الناشر. عنوان ووصف عربيان إرشاديان؛ نص المقالة باللغة الإنجليزية.,2026-10-07,https://onlinelibrary.wiley.com/doi/full/10.1111/jorc.12462
pa-comm-020,التمريض العابر للثقافات: تحليل نوعي لخبرات الطلاب في شمال شرقي ناميبيا,Transcultural nursing: a qualitative analysis of nursing students’ experiences in a multicultural context in North-Eastern Namibia,BMC Nursing,2024,دراسة نوعية وصفية استكشافية,10.1186/s12912-024-01773-8,https://link.springer.com/article/10.1186/s12912-024-01773-8,en,الكفاءة الثقافية | تعليم التمريض | الرعاية متعددة الثقافات,',النص الكامل متاح مجانًا لدى الناشر. عنوان ووصف عربيان إرشاديان؛ نص المقالة باللغة الإنجليزية.,2026-10-07,https://link.springer.com/article/10.1186/s12912-024-01773-8
pa-comm-021,ثقافة رعاية المريض لدى طلاب التمريض الدوليين: دراسة إثنوغرافية مركزة,Culture of patient care among international nursing students: a focused ethnographic study,BMC Nursing,2024,دراسة نوعية بإثنوغرافيا مركزة,10.1186/s12912-024-01807-1,https://link.springer.com/article/10.1186/s12912-024-01807-1,en,الكفاءة الثقافية | تعليم التمريض | التواصل عبر اللغات,',النص الكامل متاح مجانًا لدى الناشر. عنوان ووصف عربيان إرشاديان؛ نص المقالة باللغة الإنجليزية.,2026-10-07,https://link.springer.com/article/10.1186/s12912-024-01807-1
pa-comm-022,الحساسية الثقافية والعوامل المرتبطة بها لدى الممرضين في جنوب غربي إثيوبيا,Cultural sensitivity and associated factors among nurses in southwest Ethiopia: a cross-sectional study,BMC Nursing,2024,دراسة مقطعية,10.1186/s12912-024-01838-8,https://link.springer.com/article/10.1186/s12912-024-01838-8,en,الحساسية الثقافية | الكفاءة الثقافية | التواصل عبر الثقافات,',النص الكامل متاح مجانًا لدى الناشر. عنوان ووصف عربيان إرشاديان؛ نص المقالة باللغة الإنجليزية.,2026-10-07,https://link.springer.com/article/10.1186/s12912-024-01838-8
pa-comm-023,عوائق الرعاية الحساسة ثقافيًا وميسراتها في الطب العام: تحليل موضوعي انعكاسي,Barriers and facilitators to culturally sensitive care in general practice: a reflexive thematic analysis,BMC Primary Care,2024,دراسة نوعية بتحليل موضوعي انعكاسي,10.1186/s12875-024-02630-y,https://link.springer.com/article/10.1186/s12875-024-02630-y,en,الحساسية الثقافية | الرعاية الأولية | التواصل عبر الثقافات,',النص الكامل متاح مجانًا لدى الناشر. عنوان ووصف عربيان إرشاديان؛ نص المقالة باللغة الإنجليزية.,2026-10-07,https://link.springer.com/article/10.1186/s12875-024-02630-y
pa-comm-027,معنى الثقافة في تمريض نهاية الحياة: مقابلات مع ممرضي الرعاية التلطيفية المتخصصة,The meaning of culture in nursing at the end of life – an interview study with nurses in specialized palliative care,BMC Palliative Care,2024,دراسة نوعية,10.1186/s12904-024-01493-5,https://link.springer.com/article/10.1186/s12904-024-01493-5,en,الرعاية التلطيفية | نهاية الحياة | الحساسية الثقافية,',النص الكامل متاح مجانًا لدى الناشر. عنوان ووصف عربيان إرشاديان؛ نص المقالة باللغة الإنجليزية.,2026-10-07,https://link.springer.com/article/10.1186/s12904-024-01493-5
pa-comm-028,تجاوز الفجوات الثقافية في رعاية نهاية الحياة: خبرات الممرضين المسؤولين الدوليين في السعودية,Bridging cultural gaps in end-of-life care: the experiences of international charge nurses in Saudi Arabia,BMC Nursing,2024,دراسة نوعية,10.1186/s12912-024-02514-7,https://link.springer.com/article/10.1186/s12912-024-02514-7,en,الرعاية التلطيفية | نهاية الحياة | الحساسية الثقافية | السياق السعودي,CC BY 4.0,النص الكامل متاح مجانًا لدى الناشر. عنوان ووصف عربيان إرشاديان؛ نص المقالة باللغة الإنجليزية.,2026-10-07,https://link.springer.com/article/10.1186/s12912-024-02514-7
pa-comm-030,خبرات الممرضين ورؤاهم لرعاية نهاية الحياة أثناء كوفيد: دراسة نوعية,“They choke to death in front of your very eyes”: nurses’ lived experiences and perspectives on end-of-life care during COVID-19,BMC Palliative Care,2024,دراسة نوعية ظاهراتية تفسيرية,10.1186/s12904-024-01352-3,https://link.springer.com/article/10.1186/s12904-024-01352-3,en,نهاية الحياة | الفقد والحزن | صدمات العاملين | دعم الأسرة,',النص الكامل متاح مجانًا لدى الناشر. عنوان ووصف عربيان إرشاديان؛ نص المقالة باللغة الإنجليزية.,2026-10-07,https://link.springer.com/article/10.1186/s12904-024-01352-3
pa-comm-031,إعادة التفكير في نجاح محادثة الأخبار الصعبة من منظور المريض,Rethinking parameters of “success” in breaking bad news conversations from patient’s perspective: the successful delivery process model,Supportive Care in Cancer,2024,دراسة نوعية بتحليل محتوى,10.1007/s00520-024-08354-0,https://link.springer.com/article/10.1007/s00520-024-08354-0,en,إبلاغ الأخبار الصعبة | التواصل العلاجي | رعاية السرطان,',النص الكامل متاح مجانًا لدى الناشر. عنوان ووصف عربيان إرشاديان؛ نص المقالة باللغة الإنجليزية.,2026-10-07,https://link.springer.com/article/10.1007/s00520-024-08354-0
pa-comm-032,أثر التأمل الجماعي الموجّه في القدرة والارتياح عند إبلاغ الأخبار الصعبة لدى موظفي الطوارئ قبل المستشفى,The effect of guided group reflection on the ability and convenience of breaking bad news in pre-hospital emergency staff,BMC Health Services Research,2024,دراسة شبه تجريبية قبلية وبعدية مع مجموعة ضابطة,10.1186/s12913-024-11604-w,https://link.springer.com/article/10.1186/s12913-024-11604-w,en,إبلاغ الأخبار الصعبة | تدريب مهارات التواصل | تمريض الطوارئ,',النص الكامل متاح مجانًا لدى الناشر. عنوان ووصف عربيان إرشاديان؛ نص المقالة باللغة الإنجليزية.,2026-10-07,https://link.springer.com/article/10.1186/s12913-024-11604-w
pa-comm-033,إبلاغ الأخبار الصعبة: دراسة مختلطة عن مهارات تواصل الأطباء في باكستان,Breaking bad news: A mix methods study reporting the need for improving communication skills among doctors in Pakistan,BMC Health Services Research,2024,دراسة مختلطة مقطعية,10.1186/s12913-024-11056-2,https://link.springer.com/article/10.1186/s12913-024-11056-2,en,إبلاغ الأخبار الصعبة | تدريب مهارات التواصل | التواصل مع الأسرة,CC BY 4.0,النص الكامل متاح مجانًا لدى الناشر. عنوان ووصف عربيان إرشاديان؛ نص المقالة باللغة الإنجليزية.,2026-10-07,https://link.springer.com/article/10.1186/s12913-024-11056-2
pa-comm-035,خبرة وفاة المرضى الذاتية وجودة الحياة المهنية لدى الأطباء والممرضين,Subjective rather than objective patient death experiences link with physicians’ and nurses’ professional quality of life,BMC Nursing,2024,تحليل ثانوي لبيانات مقطعية,10.1186/s12912-024-01724-3,https://link.springer.com/article/10.1186/s12912-024-01724-3,en,صدمات العاملين | الفقد والحزن | الإجهاد الثانوي | الاحتراق المهني,',النص الكامل متاح مجانًا لدى الناشر. عنوان ووصف عربيان إرشاديان؛ نص المقالة باللغة الإنجليزية.,2026-10-07,https://link.springer.com/article/10.1186/s12912-024-01724-3
pa-comm-036,المسار النفسي إلى الإنهاك العاطفي لدى الممرضين والقابلات العاملين في رعاية الفقد حول الولادة,Psychological pathway to emotional exhaustion among nurses and midwives who provide perinatal bereavement care in China: a path analysis,BMC Psychiatry,2024,دراسة مسحية مقطعية وتحليل مسار,10.1186/s12888-024-05534-4,https://link.springer.com/article/10.1186/s12888-024-05534-4,en,الفقد والحزن | رعاية الفقد حول الولادة | صدمات العاملين | دعم العاملين,',النص الكامل متاح مجانًا لدى الناشر. عنوان ووصف عربيان إرشاديان؛ نص المقالة باللغة الإنجليزية.,2026-10-07,https://link.springer.com/article/10.1186/s12888-024-05534-4
pa-comm-038,التنظيم الذاتي لدى الممرضين بعد محادثات نهاية الحياة مع مرضى السرطان المتقدم,Nurses’ self-regulation after engaging in end-of-life conversations with advanced cancer patients: a qualitative study,BMC Nursing,2024,دراسة نوعية وصفية,10.1186/s12912-024-02016-6,https://link.springer.com/article/10.1186/s12912-024-02016-6,en,التواصل عند نهاية الحياة | صدمات العاملين | التنظيم الذاتي | دعم العاملين,',النص الكامل متاح مجانًا لدى الناشر. عنوان ووصف عربيان إرشاديان؛ نص المقالة باللغة الإنجليزية.,2026-10-07,https://link.springer.com/article/10.1186/s12912-024-02016-6
pa-comm-039,الإجهاد الصدمي الثانوي والعوامل المرتبطة به لدى ممرضي الطوارئ في السعودية,Exposure to secondary traumatic stress and its related factors among emergency nurses in Saudi Arabia: a mixed method study,BMC Nursing,2024,دراسة مختلطة بتصميم تفسيري متتابع,10.1186/s12912-024-02018-4,https://link.springer.com/article/10.1186/s12912-024-02018-4,en,صدمات العاملين | الإجهاد الثانوي | تمريض الطوارئ | السياق السعودي,',النص الكامل متاح مجانًا لدى الناشر. عنوان ووصف عربيان إرشاديان؛ نص المقالة باللغة الإنجليزية.,2026-10-07,https://link.springer.com/article/10.1186/s12912-024-02018-4
pa-mhc-pmc11370167,فاعلية الإسعاف النفسي الأولي وتطبيقه بعد الصدمة: مراجعة تكاملية,The Effectiveness and Implementation of Psychological First Aid as a Therapeutic Intervention After Trauma: An Integrative Review,"Trauma, Violence & Abuse",2024,مراجعة تكاملية,10.1177/15248380231221492,https://pmc.ncbi.nlm.nih.gov/articles/PMC11370167/,en,الإسعاف النفسي الأولي | الصدمات النفسية | الصحة النفسية,CC BY 4.0,النص الكامل مفتوح مجانًا دون اشتراك، مع أقسام الملخص والمنهج والنتائج والمناقشة؛ العنوان العربي ترجمة تعريفية والنص الأصلي باللغة الإنجليزية.,2026-10-07,https://pmc.ncbi.nlm.nih.gov/articles/PMC11370167/
pa-mhc-pmc11323674,تحديات استعداد التمريض للكوارث والاستجابة لها: مراجعة مظلية,Overcoming challenges in nursing disaster preparedness and response: an umbrella review,BMC Nursing,2024,مراجعة مظلية للمراجعات,10.1186/s12912-024-02226-y,https://link.springer.com/article/10.1186/s12912-024-02226-y,en,تمريض الكوارث | الاستعداد للطوارئ | التعليم التمريضي,CC BY-NC-ND 4.0,النص الكامل مفتوح مجانًا دون اشتراك، مع أقسام الملخص والمنهج والنتائج والمناقشة؛ العنوان العربي ترجمة تعريفية والنص الأصلي باللغة الإنجليزية.,2026-10-07,https://link.springer.com/article/10.1186/s12912-024-02226-y
pa-mhc-pmc11918818,المرونة النفسية والعنف في العمل لدى ممرضي الصحة النفسية: مسح مقطعي,The Impact of Resilience on Workplace Violence Experienced by Mental Health Nurses: A Cross-Sectional Survey,Journal of Nursing Management,2024,مسح مقطعي,10.1155/2024/4449445,https://pmc.ncbi.nlm.nih.gov/articles/PMC11918818/,en,تمريض الصحة النفسية | العنف في مكان العمل | المرونة النفسية | التمريض في البلدان العربية,CC BY — رقم الإصدار غير مذكور في صفحة المقالة,النص الكامل مفتوح مجانًا دون اشتراك، مع أقسام الملخص والمنهج والنتائج والمناقشة؛ العنوان العربي ترجمة تعريفية والنص الأصلي باللغة الإنجليزية.,2026-10-07,https://pmc.ncbi.nlm.nih.gov/articles/PMC11918818/
pa-mhc-pmc11520389,مُيسِّرات برامج صحة المجتمع وعوائقها لتحقيق الإنصاف والتغطية الشاملة بالرعاية الأولية: مراجعة نطاقية,Enablers and barriers of community health programs for improved equity and universal coverage of primary health care services: A scoping review,BMC Primary Care,2024,مراجعة نطاقية,10.1186/s12875-024-02629-5,https://pmc.ncbi.nlm.nih.gov/articles/PMC11520389/,en,صحة المجتمع | الإنصاف الصحي | التغطية الصحية الشاملة,CC BY-NC-ND 4.0,النص الكامل مفتوح مجانًا دون اشتراك، مع أقسام الملخص والمنهج والنتائج والمناقشة؛ العنوان العربي ترجمة تعريفية والنص الأصلي باللغة الإنجليزية.,2026-10-07,https://pmc.ncbi.nlm.nih.gov/articles/PMC11520389/
pa-mhc-pmc11163892,استراتيجيات ومؤشرات دمج الإنصاف الصحي في نظم تقديم الخدمات: مراجعة نطاقية,Strategies and indicators to integrate health equity in health service and delivery systems in high-income countries: a scoping review,JBI Evidence Synthesis,2024,مراجعة نطاقية,10.11124/JBIES-23-00051,https://pmc.ncbi.nlm.nih.gov/articles/PMC11163892/,en,الإنصاف الصحي | إدارة الخدمات الصحية | الجودة الصحية,CC BY-NC-ND 4.0,النص الكامل مفتوح مجانًا دون اشتراك، مع أقسام الملخص والمنهج والنتائج والمناقشة؛ العنوان العربي ترجمة تعريفية والنص الأصلي باللغة الإنجليزية.,2026-10-07,https://pmc.ncbi.nlm.nih.gov/articles/PMC11163892/
pa-mhc-pmc10941579,خبرة طلاب التمريض مع الضيق الأخلاقي في التدريب السريري: دراسة ظاهراتية,Nursing students' experience of moral distress in clinical settings: A phenomenological study,Nursing Open,2024,دراسة نوعية ظاهراتية,10.1002/nop2.2141,https://pmc.ncbi.nlm.nih.gov/articles/PMC10941579/,en,أخلاقيات التمريض | الضيق الأخلاقي | التعليم التمريضي,CC BY 4.0,النص الكامل مفتوح مجانًا دون اشتراك، مع أقسام الملخص والمنهج والنتائج والمناقشة؛ العنوان العربي ترجمة تعريفية والنص الأصلي باللغة الإنجليزية.,2026-10-07,https://pmc.ncbi.nlm.nih.gov/articles/PMC10941579/
pa-clin-pmc10362814,تأثير تعليم تسليم الحالات باستخدام نموذج «اختبار النتيجة والحالة الراهنة OPT» وSBAR لدى طلبة التمريض: تصميم شبه تجريبي,Effects of Handover Education Using the Outcome-Present State Test (OPT) Model and SBAR in Nursing Students: A Quasi-Experimental Design,Iranian Journal of Public Health,2023,دراسة شبه تجريبية,10.18502/ijph.v52i6.12956,https://pmc.ncbi.nlm.nih.gov/articles/PMC10362814/,en,العمل الجماعي | تسليم الحالات | التواصل بين المهن الصحية | الممارسة المبنية على الدليل | مقالات علمية محكمة,CC BY-NC 4.0,النص الكامل مفتوح للقراءة في PubMed Central دون اشتراك. عنوان الفهرس العربي ترجمة؛ المقال الأصلي بالإنجليزية.,2026-10-07,https://pmc.ncbi.nlm.nih.gov/articles/PMC10362814/
pa-spec-pmc10524094,تحسين العلاج الدوائي لقصور القلب بقيادة الصيادلة والممرضين: مراجعة منهجية وتحليل تلوي,Pharmacist- and Nurse-Led Medical Optimization in Heart Failure: A Systematic Review and Meta-Analysis,Journal of cardiac failure,2023,مراجعة منهجية وتحليل تلوي,10.1016/j.cardfail.2023.03.012,https://pmc.ncbi.nlm.nih.gov/articles/PMC10524094/,en,تمريض البالغين | قصور القلب | الأدوية | العمل الجماعي,',النص الكامل مجاني مباشرة في PMC دون اشتراك. النسخة المتاحة هي نسخة المؤلف المقبولة بعد التحكيم.,2026-10-07,https://pmc.ncbi.nlm.nih.gov/articles/PMC10524094/?report=xml
pa-spec-pmc10647954,فاعلية برنامج لإبطاء تقدم مرض الكلى المزمن لدى مرضى السكري من النوع الثاني وارتفاع الضغط ومرض الكلى بالمرحلة الثالثة في المجتمع: تجربة عشوائية مضبوطة,Effectiveness of Program to Slow Progression of Chronic Kidney Disease Among T2DM With HT With CKD 3 in the Community: A Randomized Controlled Trial,Journal of Primary Care & Community Health,2023,تجربة عشوائية عنقودية مضبوطة,10.1177/21501319231210619,https://pmc.ncbi.nlm.nih.gov/articles/PMC10647954/,en,تمريض البالغين | مرض الكلى المزمن | السكري | صحة المجتمع | المقابلة التحفيزية,CC BY-NC 4.0,النص الكامل مجاني مباشرة في PMC دون اشتراك.,2026-10-07,https://pmc.ncbi.nlm.nih.gov/articles/PMC10647954/?report=xml
pa-spec-pmc10286208,تطبيق تقييم عجز الرعاية الذاتية وبرنامج تثقيف داعم بقيادة الممرضين في المستشفيات المجتمعية لتغيير السلوك وخفض الهيموغلوبين السكري: تجربة عشوائية عنقودية مضبوطة,Implementation of Self-Care Deficits Assessment and a Nurse-Led Supportive Education Program in Community Hospitals for Behavior Change and HbA1c Reduction: A Cluster Randomized Controlled Trial,Journal of Primary Care & Community Health,2023,تجربة عشوائية عنقودية مضبوطة,10.1177/21501319231181106,https://pmc.ncbi.nlm.nih.gov/articles/PMC10286208/,en,تمريض البالغين | السكري | الرعاية الذاتية | نظريات التمريض | صحة المجتمع,CC BY-NC 4.0,النص الكامل مجاني مباشرة في PMC دون اشتراك.,2026-10-07,https://pmc.ncbi.nlm.nih.gov/articles/PMC10286208/?report=xml
pa-spec-pmc10440276,تقييم تدخلات تعليم استخدام البخاخ للأطفال المنومين المصابين بالربو: تجربة عشوائية مضبوطة,Evaluating Inhaler Education Interventions for Hospitalized Children with Asthma: A Randomized Controlled Trial,"Annals of allergy, asthma & immunology : official publication of the American College of Allergy, Asthma, & Immunology",2023,تجربة عشوائية مضبوطة,10.1016/j.anai.2023.02.023,https://pmc.ncbi.nlm.nih.gov/articles/PMC10440276/,en,تمريض الأطفال | الربو | البخاخات | تعليم المريض,',النص الكامل مجاني مباشرة في PMC دون اشتراك. النسخة المتاحة هي نسخة المؤلف المقبولة بعد التحكيم.,2026-10-07,https://pmc.ncbi.nlm.nih.gov/articles/PMC10440276/?report=xml
pa-spec-pmc10261833,جولات افتراضية تتمحور حول الأسرة: مبادرة لتحسين الجودة وتكييف رعاية المنومين أثناء كوفيد-19 بتصميم تشاركي يتمحور حول الإنسان,Virtual family-centered rounds: a quality improvement initiative to adapt inpatient care during COVID-19 using a human-centred participatory design approach,BMC Pediatrics,2023,دراسة تحسين جودة بتصميم تشاركي,10.1186/s12887-023-04091-1,https://pmc.ncbi.nlm.nih.gov/articles/PMC10261833/,en,تمريض الأطفال | الرعاية المتمحورة حول الأسرة | تحسين الجودة | الرعاية الافتراضية,CC BY 4.0,النص الكامل مجاني مباشرة في PMC دون اشتراك.,2026-10-07,https://pmc.ncbi.nlm.nih.gov/articles/PMC10261833/?report=xml
pa-spec-pmc10453425,من النظرية إلى الممارسة: إشراك أسر الأطفال المنومين في الإجراءات المؤلمة,From theory to practice: the inclusion of hospitalized children’s families in painful procedures,Revista da Escola de Enfermagem da USP,2023,دراسة نوعية استكشافية وصفية,10.1590/1980-220X-REEUSP-2023-0152en,https://pmc.ncbi.nlm.nih.gov/articles/PMC10453425/,en,تمريض الأطفال | الألم | تمريض الأسرة | الرعاية المتمحورة حول الأسرة,Creative Commons Attribution (الإصدار غير مذكور في لوحة الحقوق),النص الكامل مجاني مباشرة في PMC دون اشتراك.,2026-10-07,https://pmc.ncbi.nlm.nih.gov/articles/PMC10453425/?report=xml
pa-edu-002,التعلم بالمحاكاة في منهج التمريض: وقت إعداد ممرضين ذوي كفاءة — مراجعة منهجية وتحليل تلوي,Simulation-based learning in nursing curriculum- time to prepare quality nurses: A systematic review and meta-analysis,Heliyon,2023,مراجعة منهجية وتحليل تلوي,10.1016/j.heliyon.2023.e16014,https://pmc.ncbi.nlm.nih.gov/articles/PMC10189473/,en,تعليم التمريض | المحاكاة | تقييم التعلم,',النص الكامل مفتوح مجانًا في PMC، مع الملخص والمتن والمراجع؛ لا يلزم اشتراك أو تسجيل.,2026-10-07,https://pmc.ncbi.nlm.nih.gov/articles/PMC10189473/
pa-edu-021,تقييم الخصائص السيكومترية للنسخة العربية من مقياس الاستعداد للممارسة التمريضية لدى الطلاب السعوديين,Assessing the psychometric properties of the Arabic version of the Nursing Practice Readiness Scale among Saudi nursing students,PLOS ONE,2023,دراسة خصائص سيكومترية,10.1371/journal.pone.0289088,https://pmc.ncbi.nlm.nih.gov/articles/PMC10374109/?report=reader,en,تعليم التمريض | الاستعداد للممارسة | قياس المهارات | أدوات التقييم العربية,CC BY 4.0,النص الكامل مفتوح مجانًا في PMC، مع الملخص والمتن والمراجع؛ لا يلزم اشتراك أو تسجيل.,2026-10-07,https://pmc.ncbi.nlm.nih.gov/articles/PMC10374109/?report=reader
pa-edu-033,العوامل المرتبطة بظهور الاحتراق وتطوره لدى طلاب التمريض: مراجعة منهجية وتحليل تلوي,Factors related to the appearance and development of burnout in nursing students: a systematic review and meta-analysis,Frontiers in Public Health,2023,مراجعة منهجية وتحليل تلوي,10.3389/fpubh.2023.1142576,https://pmc.ncbi.nlm.nih.gov/articles/PMC10192626/?report=reader,en,تعليم التمريض | الاحتراق النفسي | صحة الطلاب | العناية بالنفس,',النص الكامل مفتوح مجانًا في PMC، مع الملخص والمتن والمراجع؛ لا يلزم اشتراك أو تسجيل.,2026-10-07,https://pmc.ncbi.nlm.nih.gov/articles/PMC10192626/?report=reader
pa-comm-003,عوائق ممارسة التواصل العلاجي لدى ممرضي مستشفى محلي في غانا,Barriers to nurses’ therapeutic communication practices in a district hospital in Ghana,BMC Nursing,2023,دراسة نوعية استكشافية وصفية,10.1186/s12912-023-01191-2,https://link.springer.com/article/10.1186/s12912-023-01191-2,en,التواصل العلاجي | العلاقة بين الممرض والمريض | عوائق التواصل,CC BY 4.0,النص الكامل متاح مجانًا لدى الناشر. عنوان ووصف عربيان إرشاديان؛ نص المقالة باللغة الإنجليزية.,2026-10-07,https://link.springer.com/article/10.1186/s12912-023-01191-2
pa-comm-015,«ينبغي أن أكون شريكًا»: منظور مرضى السكري في السعودية للرعاية المتمحورة حول المريض,“I am not just a place for implementation. I should be a partner”: a qualitative study of patient-centered care from the perspective of diabetic patients in Saudi Arabia,BMC Health Services Research,2023,دراسة نوعية استكشافية,10.1186/s12913-023-10391-0,https://link.springer.com/article/10.1186/s12913-023-10391-0,en,مشاركة المريض | الرعاية المتمحورة حول المريض | السكري | السياق السعودي,',النص الكامل متاح مجانًا لدى الناشر. عنوان ووصف عربيان إرشاديان؛ نص المقالة باللغة الإنجليزية.,2026-10-07,https://link.springer.com/article/10.1186/s12913-023-10391-0
pa-comm-016,توثيق الرعاية مع المرضى: خبرات الممرضين والمرضى,Documenting care together with patients: the experiences of nurses and patients,BMC Nursing,2023,دراسة تحسين جودة قبل التطبيق وبعده,10.1186/s12912-023-01309-6,https://link.springer.com/article/10.1186/s12912-023-01309-6,en,مشاركة المريض | التوثيق التمريضي | سلامة المريض,CC BY 4.0,النص الكامل متاح مجانًا لدى الناشر. عنوان ووصف عربيان إرشاديان؛ نص المقالة باللغة الإنجليزية.,2026-10-07,https://link.springer.com/article/10.1186/s12912-023-01309-6
pa-comm-017,العوامل المؤثرة في تطبيق القرار المشترك في رعاية السرطان: تقييم نوعي لعملية التنفيذ,Major influencing factors on routine implementation of shared decision-making in cancer care: qualitative process evaluation of a stepped-wedge cluster randomized trial,BMC Health Services Research,2023,تقييم نوعي لعملية تنفيذ تجربة عنقودية متدرجة,10.1186/s12913-023-09778-w,https://link.springer.com/article/10.1186/s12913-023-09778-w,en,القرار المشترك | مشاركة المريض | رعاية السرطان | تطبيق الأدلة,',النص الكامل متاح مجانًا لدى الناشر. عنوان ووصف عربيان إرشاديان؛ نص المقالة باللغة الإنجليزية.,2026-10-07,https://link.springer.com/article/10.1186/s12913-023-09778-w
pa-comm-018,ميسرات القرار المشترك وعوائقه لدى المرضى المسنين والهشين في الرعاية حول الجراحة: مراجعة نطاقية,Patients’ and healthcare professionals’ perceived facilitators and barriers for shared decision-making for frail and elderly patients in perioperative care: a scoping review,BMC Health Services Research,2023,مراجعة نطاقية,10.1186/s12913-023-09120-4,https://link.springer.com/article/10.1186/s12913-023-09120-4,en,القرار المشترك | مشاركة المريض | رعاية المسنين | الرعاية حول الجراحة,',النص الكامل متاح مجانًا لدى الناشر. عنوان ووصف عربيان إرشاديان؛ نص المقالة باللغة الإنجليزية.,2026-10-07,https://link.springer.com/article/10.1186/s12913-023-09120-4
pa-comm-019,أثر المرضى بوصفهم مدربين في إشراك الممرضين للمرضى في الرعاية الأولية: دراسة نوعية,The impact of patients as trainers on registered nurses’ patient engagement in primary care clinics: a qualitative study,BMC Primary Care,2023,دراسة نوعية وصفية,10.1186/s12875-023-02210-6,https://link.springer.com/article/10.1186/s12875-023-02210-6,en,مشاركة المريض | تعليم التمريض | الرعاية الأولية,CC BY 4.0,النص الكامل متاح مجانًا لدى الناشر. عنوان ووصف عربيان إرشاديان؛ نص المقالة باللغة الإنجليزية.,2026-10-07,https://link.springer.com/article/10.1186/s12875-023-02210-6
pa-comm-025,من فرصة تعلم إلى تغير واعٍ متعدد الأبعاد: توليف نوعي لخبرات التعلم العابر للثقافات لدى طلاب التمريض,From a learning opportunity to a conscious multidimensional change: a metasynthesis of transcultural learning experiences among nursing students,BMC Nursing,2023,توليف نوعي للدراسات,10.1186/s12912-023-01521-4,https://link.springer.com/article/10.1186/s12912-023-01521-4,en,الكفاءة الثقافية | تعليم التمريض | الرعاية متعددة الثقافات,',النص الكامل متاح مجانًا لدى الناشر. عنوان ووصف عربيان إرشاديان؛ نص المقالة باللغة الإنجليزية.,2026-10-07,https://link.springer.com/article/10.1186/s12912-023-01521-4
pa-comm-026,خبرات أسر مرضى السرطان بعد الفقد في التواصل عند نهاية الحياة,“The communication I had with him back then is still stuck in my mind.” Bereaved families of cancer patients’ experiences for end-of-life communication,Supportive Care in Cancer,2023,دراسة نوعية وصفية,10.1007/s00520-023-07753-z,https://link.springer.com/article/10.1007/s00520-023-07753-z,en,التواصل عند نهاية الحياة | الفقد والحزن | دعم الأسرة | رعاية السرطان,CC BY 4.0,النص الكامل متاح مجانًا لدى الناشر. عنوان ووصف عربيان إرشاديان؛ نص المقالة باللغة الإنجليزية.,2026-10-07,https://link.springer.com/article/10.1007/s00520-023-07753-z
pa-comm-029,الرعاية التلطيفية المتخصصة حتى نهاية الحياة: تقارير مقدمي الرعاية الأسرية والفريق متعدد التخصصات,Specialist palliative care until the very end of life - reports of family caregivers and the multiprofessional team,BMC Palliative Care,2023,دراسة رصدية بتقييمات استعادية من الأسرة والفريق,10.1186/s12904-023-01266-6,https://link.springer.com/article/10.1186/s12904-023-01266-6,en,الرعاية التلطيفية | نهاية الحياة | دعم الأسرة | احتياجات مقدمي الرعاية,',النص الكامل متاح مجانًا لدى الناشر. عنوان ووصف عربيان إرشاديان؛ نص المقالة باللغة الإنجليزية.,2026-10-07,https://link.springer.com/article/10.1186/s12904-023-01266-6
pa-mhc-pmc10990448,التدخلات النفسية والاجتماعية بعد الحوادث الصادمة في العمل: مراجعة منهجية,Post-incident psychosocial interventions after a traumatic incident in the workplace: a systematic review of current research evidence and clinical guidance,European Journal of Psychotraumatology,2023,مراجعة منهجية,10.1080/20008066.2023.2281751,https://pmc.ncbi.nlm.nih.gov/articles/PMC10990448/,en,الصدمات النفسية | الصحة المهنية | الدعم النفسي والاجتماعي,CC BY-NC 4.0,النص الكامل مفتوح مجانًا دون اشتراك، مع أقسام الملخص والمنهج والنتائج والمناقشة؛ العنوان العربي ترجمة تعريفية والنص الأصلي باللغة الإنجليزية.,2026-10-07,https://pmc.ncbi.nlm.nih.gov/articles/PMC10990448/
pa-mhc-pmc10000833,المقابلة التحفيزية بقيادة الممرضين لتحسين الرعاية الذاتية في فشل القلب: تجربة عشوائية بمركز واحد,"A Single-Center, Randomized Controlled Trial to Test the Efficacy of Nurse-Led Motivational Interviewing for Enhancing Self-Care in Adults with Heart Failure",Healthcare,2023,تجربة عشوائية محكمة بمركز واحد,10.3390/healthcare11050773,https://pmc.ncbi.nlm.nih.gov/articles/PMC10000833/,en,المقابلة التحفيزية | السلوك الصحي | الرعاية الذاتية | فشل القلب,CC BY 4.0,النص الكامل مفتوح مجانًا دون اشتراك، مع أقسام الملخص والمنهج والنتائج والمناقشة؛ العنوان العربي ترجمة تعريفية والنص الأصلي باللغة الإنجليزية.,2026-10-07,https://pmc.ncbi.nlm.nih.gov/articles/PMC10000833/
pa-mhc-pmc10416007,خبرات الممرضين وطلاب التمريض مع الضيق الأخلاقي وآثاره: مراجعة مختلطة وتوليف موضوعي,Registered Nurses' and nursing students' perspectives on moral distress and its effects: A mixed‐methods systematic review and thematic synthesis,Nursing Open,2023,مراجعة منهجية مختلطة الأساليب وتوليف موضوعي,10.1002/nop2.1913,https://pmc.ncbi.nlm.nih.gov/articles/PMC10416007/,en,أخلاقيات التمريض | الضيق الأخلاقي | التعليم التمريضي,CC BY 4.0,النص الكامل مفتوح مجانًا دون اشتراك، مع أقسام الملخص والمنهج والنتائج والمناقشة؛ العنوان العربي ترجمة تعريفية والنص الأصلي باللغة الإنجليزية.,2026-10-07,https://pmc.ncbi.nlm.nih.gov/articles/PMC10416007/
pa-spec-pmc9520968,فاعلية تقييم ومتابعة تمريضية هاتفية وتدخل للسمية المرتبطة بالعلاج الكيميائي: تجربة عشوائية متعددة المراكز,Effectiveness of a phone-based nurse monitoring assessment and intervention for chemotherapy-related toxicity: A randomized multicenter trial,Frontiers in Oncology,2022,تجربة عشوائية متعددة المراكز,10.3389/fonc.2022.925366,https://pmc.ncbi.nlm.nih.gov/articles/PMC9520968/,en,تمريض البالغين | تمريض الأورام | العلاج الكيميائي | التمريض عن بعد | سلامة المرضى,CC BY (الإصدار غير مذكور في لوحة الحقوق),النص الكامل مجاني مباشرة في PMC دون اشتراك.,2026-10-07,https://pmc.ncbi.nlm.nih.gov/articles/PMC9520968/?report=xml
pa-spec-pmc9480911,أثر رعاية الكنغر التي تبدأ في المجتمع في أداء الرضاعة لدى الرضع منخفضي الوزن عند الولادة: تجربة سريرية عشوائية,Effect of community‐initiated kangaroo mother care on breastfeeding performance in low birthweight infants: A randomized clinical trial,Maternal & Child Nutrition,2022,تجربة عشوائية مضبوطة,10.1111/mcn.13419,https://pmc.ncbi.nlm.nih.gov/articles/PMC9480911/,en,تمريض الأمومة | حديثو الولادة | الرضاعة الطبيعية | رعاية الكنغر | الزيارات المنزلية,CC BY 4.0,النص الكامل مجاني مباشرة في PMC دون اشتراك.,2026-10-07,https://pmc.ncbi.nlm.nih.gov/articles/PMC9480911/?report=xml
pa-spec-pmc8762939,أثر تدخل متعدد المكونات بقيادة الممرضين لكبار السن ذوي الهشاشة المقيمين وحدهم في المجتمع: دراسة شبه تجريبية,Effects of a nurse-led multicomponent intervention for frail older adults living alone in a community: a quasi-experimental study,BMC Nursing,2022,دراسة شبه تجريبية بمجموعتين,10.1186/s12912-021-00801-1,https://pmc.ncbi.nlm.nih.gov/articles/PMC8762939/,en,تمريض المسنين | الهشاشة | التمرين | الدعم الاجتماعي,CC BY 4.0,النص الكامل مجاني مباشرة في PMC دون اشتراك.,2026-10-07,https://pmc.ncbi.nlm.nih.gov/articles/PMC8762939/?report=xml
pa-edu-013,استخدام اللغة الإنجليزية والتحصيل الأكاديمي لدى طلاب التمريض: دراسة مقطعية,English Language Usage and Academic Achievement Among Nursing Students: A Cross-Sectional Study,SAGE Open Nursing,2022,دراسة مقطعية,10.1177/23779608221109364,https://pmc.ncbi.nlm.nih.gov/articles/PMC9274404/?report=reader,en,تعليم التمريض | مهارات اللغة الإنجليزية | التحصيل الدراسي,CC BY-NC 4.0,النص الكامل مفتوح مجانًا في PMC، مع الملخص والمتن والمراجع؛ لا يلزم اشتراك أو تسجيل.,2026-10-07,https://pmc.ncbi.nlm.nih.gov/articles/PMC9274404/?report=reader
pa-edu-029,تصورات الممرضين عن التطوير المهني المستمر: دراسة نوعية,Nurses’ perceptions of continuing professional development: a qualitative study,BMC Nursing,2022,دراسة نوعية,10.1186/s12912-022-00940-z,https://pmc.ncbi.nlm.nih.gov/articles/PMC9219242/,en,التطوير المهني المستمر | التعلم مدى الحياة | احتياجات التدريب,CC BY 4.0,النص الكامل مفتوح مجانًا في PMC، مع الملخص والمتن والمراجع؛ لا يلزم اشتراك أو تسجيل.,2026-10-07,https://pmc.ncbi.nlm.nih.gov/articles/PMC9219242/
pa-comm-024,السلامة الثقافية في التمريض من منظور ممرضي الممارسة المتقدمة: المعنى والعوائق والآفاق,"A qualitative exploration of cultural safety in nursing from the perspectives of Advanced Practice Nurses: meaning, barriers, and prospects",BMC Nursing,2022,دراسة نوعية إثنومنهجية,10.1186/s12912-022-00960-9,https://link.springer.com/article/10.1186/s12912-022-00960-9,en,السلامة الثقافية | الكفاءة الثقافية | الممارسة التمريضية المتقدمة,CC BY 4.0,النص الكامل متاح مجانًا لدى الناشر. عنوان ووصف عربيان إرشاديان؛ نص المقالة باللغة الإنجليزية.,2026-10-07,https://link.springer.com/article/10.1186/s12912-022-00960-9
pa-mhc-pmc9038514,الإسعاف النفسي الأولي للعاملين في دور الرعاية والتمريض: مراجعة منهجية,Psychological first aid for workers in care and nursing homes: systematic review,BMC Nursing,2022,مراجعة منهجية,10.1186/s12912-022-00866-6,https://pmc.ncbi.nlm.nih.gov/articles/PMC9038514/,en,الإسعاف النفسي الأولي | صحة العاملين | رعاية المسنين,CC BY 4.0,النص الكامل مفتوح مجانًا دون اشتراك، مع أقسام الملخص والمنهج والنتائج والمناقشة؛ العنوان العربي ترجمة تعريفية والنص الأصلي باللغة الإنجليزية.,2026-10-07,https://pmc.ncbi.nlm.nih.gov/articles/PMC9038514/
pa-mhc-pmc9638229,العنف في مكان العمل والعوامل المرتبطة به لدى ممرضي المستشفيات العامة بشرق إثيوبيا,Workplace violence and its associated factors among nurses working in public hospitals of eastern Ethiopia: a cross-sectional study,BMC Nursing,2022,دراسة مقطعية,10.1186/s12912-022-01078-8,https://pmc.ncbi.nlm.nih.gov/articles/PMC9638229/,en,العنف في مكان العمل | الصحة المهنية | صحة العاملين,CC BY 4.0,النص الكامل مفتوح مجانًا دون اشتراك، مع أقسام الملخص والمنهج والنتائج والمناقشة؛ العنوان العربي ترجمة تعريفية والنص الأصلي باللغة الإنجليزية.,2026-10-07,https://pmc.ncbi.nlm.nih.gov/articles/PMC9638229/
pa-mhc-pmc10084375,تدخلات تغيير السلوك بقيادة الممرضين للوقاية القلبية في المجتمعات المحرومة: مراجعة نطاقية,Promoting nurse‐led behaviour change interventions to prevent cardiovascular disease in disadvantaged communities: A scoping review,Health & Social Care in the Community,2022,مراجعة نطاقية,10.1111/hsc.13867,https://pmc.ncbi.nlm.nih.gov/articles/PMC10084375/,en,تمريض المجتمع | السلوك الصحي | الإنصاف الصحي | أمراض القلب والأوعية,CC BY 4.0,النص الكامل مفتوح مجانًا دون اشتراك، مع أقسام الملخص والمنهج والنتائج والمناقشة؛ العنوان العربي ترجمة تعريفية والنص الأصلي باللغة الإنجليزية.,2026-10-07,https://pmc.ncbi.nlm.nih.gov/articles/PMC10084375/
pa-mhc-pmc8996551,العاملون الصحيون المجتمعيون والإنصاف الصحي في البلدان منخفضة ومتوسطة الدخل: مراجعة منهجية,Community health workers and health equity in low- and middle-income countries: systematic review and recommendations for policy and practice,International Journal for Equity in Health,2022,مراجعة منهجية,10.1186/s12939-021-01615-y,https://pmc.ncbi.nlm.nih.gov/articles/PMC8996551/,en,الإنصاف الصحي | صحة المجتمع | الرعاية الصحية الأولية,CC BY 4.0,النص الكامل مفتوح مجانًا دون اشتراك، مع أقسام الملخص والمنهج والنتائج والمناقشة؛ العنوان العربي ترجمة تعريفية والنص الأصلي باللغة الإنجليزية.,2026-10-07,https://pmc.ncbi.nlm.nih.gov/articles/PMC8996551/
pa-mhc-pmc9437781,كفايات الصحة الرقمية لدى المهنيين الصحيين: مراجعة منهجية,Digital Health Competencies Among Health Care Professionals: Systematic Review,Journal of Medical Internet Research,2022,مراجعة منهجية,10.2196/36414,https://pmc.ncbi.nlm.nih.gov/articles/PMC9437781/,en,الصحة الرقمية | الكفايات المهنية | المعلوماتية التمريضية,CC BY 4.0,النص الكامل مفتوح مجانًا دون اشتراك، مع أقسام الملخص والمنهج والنتائج والمناقشة؛ العنوان العربي ترجمة تعريفية والنص الأصلي باللغة الإنجليزية.,2026-10-07,https://pmc.ncbi.nlm.nih.gov/articles/PMC9437781/
pa-mhc-pmc8995195,الضيق الأخلاقي لدى ممرضي الخطوط الأمامية في الولايات المتحدة خلال كوفيد-19,Moral Distress Experienced by US Nurses on the Frontlines During the COVID-19 Pandemic: Implications for Nursing Policy and Practice,SAGE Open Nursing,2022,دراسة نوعية,10.1177/23779608221091059,https://pmc.ncbi.nlm.nih.gov/articles/PMC8995195/,en,أخلاقيات التمريض | الضيق الأخلاقي | الأوبئة,CC BY 4.0,النص الكامل مفتوح مجانًا دون اشتراك، مع أقسام الملخص والمنهج والنتائج والمناقشة؛ العنوان العربي ترجمة تعريفية والنص الأصلي باللغة الإنجليزية.,2026-10-07,https://pmc.ncbi.nlm.nih.gov/articles/PMC8995195/
pa-spec-pmc8750152,أثر تدخلات الربو بقيادة الممرضين في النتائج الصحية للأطفال: مراجعة نطاقية,Impact of Nurse-Led Asthma Intervention on Child Health Outcomes: A Scoping Review,The Journal of School Nursing,2021,مراجعة نطاقية,10.1177/10598405211003303,https://pmc.ncbi.nlm.nih.gov/articles/PMC8750152/,en,تمريض الأطفال | الربو | الصحة المدرسية | التثقيف الصحي,CC BY 4.0,النص الكامل مجاني مباشرة في PMC دون اشتراك.,2026-10-07,https://pmc.ncbi.nlm.nih.gov/articles/PMC8750152/?report=xml
pa-spec-pmc8108485,الرعاية الفورية بطريقة الكنغر وبقاء الرضع منخفضي الوزن عند الولادة,Immediate Kangaroo Mother Care and Survival of Low Birth Weight Infants,The New England Journal of Medicine,2021,تجربة عشوائية مضبوطة متعددة البلدان,10.1056/NEJMoa2026486,https://pmc.ncbi.nlm.nih.gov/articles/PMC8108485/,en,تمريض الأمومة | حديثو الولادة | رعاية الكنغر | الولادة منخفضة الوزن,CC BY (الإصدار غير مذكور في لوحة الحقوق),النص الكامل مجاني مباشرة في PMC دون اشتراك. النسخة المتاحة هي نسخة المؤلف المقبولة بعد التحكيم.,2026-10-07,https://pmc.ncbi.nlm.nih.gov/articles/PMC8108485/?report=xml
pa-spec-pmc8817733,وجهات نظر أمهات لديهن أعراض اكتئاب ما بعد الولادة بشأن الرضاعة: تقييم نوعي للعوامل السابقة والعوائق والميسرات ومقترحات التدخل,"Perspectives on Breastfeeding from Mothers with Postpartum Depression Symptoms: A Qualitative Assessment of Antecedents, Barriers, Facilitators, and Intervention Suggestions",Breastfeeding Medicine,2021,دراسة نوعية بمقابلات وتحليل موضوعي,10.1089/bfm.2020.0251,https://pmc.ncbi.nlm.nih.gov/articles/PMC8817733/,en,تمريض الأمومة | الرضاعة الطبيعية | اكتئاب ما بعد الولادة | البحث النوعي,',النص الكامل مجاني مباشرة في PMC دون اشتراك. إتاحة القراءة لا تعني ترخيصًا مفتوحًا لإعادة الاستخدام.,2026-10-07,https://pmc.ncbi.nlm.nih.gov/articles/PMC8817733/?report=xml
pa-spec-pmc8312945,فاعلية رعاية انتقالية من المستشفى إلى المنزل بقيادة الممرضين لكبار السن متعددي الأمراض والمصابين بأعراض اكتئابية: تجربة عشوائية عملية,Effectiveness of a nurse-led hospital-to-home transitional care intervention for older adults with multimorbidity and depressive symptoms: A pragmatic randomized controlled trial,PLoS ONE,2021,تجربة عشوائية عملية متعددة المواقع,10.1371/journal.pone.0254573,https://pmc.ncbi.nlm.nih.gov/articles/PMC8312945/,en,تمريض المسنين | تعدد الأمراض | الرعاية الانتقالية | الزيارات المنزلية,Creative Commons Attribution (الإصدار غير مذكور في لوحة الحقوق),النص الكامل مجاني مباشرة في PMC دون اشتراك.,2026-10-07,https://pmc.ncbi.nlm.nih.gov/articles/PMC8312945/?report=xml
pa-edu-028,التعلم مدى الحياة والتطوير المهني المستمر للممرضين: توليف نوعي للأدبيات,"Lifelong learning and nurses’ continuing professional development, a metasynthesis of the literature",BMC Nursing,2021,توليف نوعي للأدبيات,10.1186/s12912-021-00579-2,https://pmc.ncbi.nlm.nih.gov/articles/PMC8045269/,en,التطوير المهني المستمر | التعلم مدى الحياة | التعلم الذاتي,CC BY 4.0,النص الكامل مفتوح مجانًا في PMC، مع الملخص والمتن والمراجع؛ لا يلزم اشتراك أو تسجيل.,2026-10-07,https://pmc.ncbi.nlm.nih.gov/articles/PMC8045269/
pa-edu-034,تدخل لتقليل الاحتراق وتحسين استبقاء الممرضين في بداية حياتهم المهنية: دراسة بطرق مختلطة عن القبول والجدوى,An intervention to decrease burnout and increase retention of early career nurses: a mixed methods study of acceptability and feasibility,BMC Nursing,2021,دراسة بطرق مختلطة لتقييم القبول والجدوى,10.1186/s12912-020-00524-9,https://pmc.ncbi.nlm.nih.gov/articles/PMC7805097/?report=reader,en,الاحتراق النفسي | العناية بالنفس | الانتقال إلى المهنة | دعم الممرضين,CC BY 4.0,النص الكامل مفتوح مجانًا في PMC، مع الملخص والمتن والمراجع؛ لا يلزم اشتراك أو تسجيل.,2026-10-07,https://pmc.ncbi.nlm.nih.gov/articles/PMC7805097/?report=reader
pa-comm-014,خبرات الممرضين في اتخاذ القرار السريري المشترك: دراسة نوعية,Shared clinical decision-making experiences in nursing: a qualitative study,BMC Nursing,2021,دراسة نوعية,10.1186/s12912-021-00597-0,https://link.springer.com/article/10.1186/s12912-021-00597-0,en,مشاركة المريض | القرار المشترك | التواصل العلاجي,',النص الكامل متاح مجانًا لدى الناشر. عنوان ووصف عربيان إرشاديان؛ نص المقالة باللغة الإنجليزية.,2026-10-07,https://link.springer.com/article/10.1186/s12912-021-00597-0
pa-mhc-pmc8142676,حماية العاملين الصحيين من الأثر النفسي لكوفيد-19: دروس من مراجعة التدخلات المبكرة,Addressing the psychological impact of COVID-19 on healthcare workers: learning from a systematic review of early interventions for frontline responders,BMJ Open,2021,مراجعة منهجية,10.1136/bmjopen-2020-044134,https://pmc.ncbi.nlm.nih.gov/articles/PMC8142676/,en,صحة العاملين | الصدمات النفسية | الأوبئة,CC BY-NC 4.0,النص الكامل مفتوح مجانًا دون اشتراك، مع أقسام الملخص والمنهج والنتائج والمناقشة؛ العنوان العربي ترجمة تعريفية والنص الأصلي باللغة الإنجليزية.,2026-10-07,https://pmc.ncbi.nlm.nih.gov/articles/PMC8142676/
pa-clin-pmc7672520,تقييم حزمة أدوات للوقاية من السقوط تتمحور حول المريض لتقليل السقوط والإصابات: تجربة مضبوطة غير عشوائية,Evaluation of a Patient-Centered Fall-Prevention Tool Kit to Reduce Falls and Injuries: A Nonrandomized Controlled Trial,JAMA Network Open,2020,تجربة مضبوطة غير عشوائية,10.1001/jamanetworkopen.2020.25889,https://pmc.ncbi.nlm.nih.gov/articles/PMC7672520/,en,الوقاية من السقوط | الحركة الآمنة | رعاية كبار السن | الممارسة المبنية على الدليل | مقالات علمية محكمة,',النص الكامل مفتوح للقراءة في PubMed Central دون اشتراك. عنوان الفهرس العربي ترجمة؛ المقال الأصلي بالإنجليزية.,2026-10-07,https://pmc.ncbi.nlm.nih.gov/articles/PMC7672520/
pa-spec-pmc7337544,تقييم نموذج لتدبير ارتفاع ضغط الدم بقيادة الممرضين في الرعاية الصحية المجتمعية الحضرية: تجربة عشوائية مضبوطة,The evaluation of a nurse-led hypertension management model in an urban community healthcare: A randomized controlled trial,Medicine,2020,تجربة عشوائية مضبوطة أحادية التعمية,10.1097/MD.0000000000020967,https://pmc.ncbi.nlm.nih.gov/articles/PMC7337544/,en,صحة المجتمع | ارتفاع ضغط الدم | الأمراض المزمنة | الرعاية الذاتية,CC BY-NC 4.0,النص الكامل مجاني مباشرة في PMC دون اشتراك.,2026-10-07,https://pmc.ncbi.nlm.nih.gov/articles/PMC7337544/?report=xml
pa-edu-008,التعلم المدمج عن بُعد في تعليم التمريض قبل التسجيل المهني: مراجعة نطاقية,Blended learning via distance in pre-registration nursing education: A scoping review,Nurse Education in Practice,2020,مراجعة نطاقية,10.1016/j.nepr.2020.102775,https://pmc.ncbi.nlm.nih.gov/articles/PMC7195119/,en,تعليم التمريض | التعلم المدمج | التعلم عن بعد | عوائق التعلم,',النص الكامل مفتوح مجانًا في PMC، مع الملخص والمتن والمراجع؛ لا يلزم اشتراك أو تسجيل.,2026-10-07,https://pmc.ncbi.nlm.nih.gov/articles/PMC7195119/
pa-edu-012,تصورات طلاب التمريض المنتقلين من الكليات عن استخدام الإنجليزية في مدينة غير ناطقة بها: دراسة نوعية,Perceptions of the English Use of College Transfer Nursing Students in a Non-English Speaking City: A Qualitative Study,International Journal of Environmental Research and Public Health,2020,دراسة وصفية نوعية,10.3390/ijerph17020462,https://pmc.ncbi.nlm.nih.gov/articles/PMC7013920/,en,تعليم التمريض | مهارات اللغة الإنجليزية | عوائق التعلم | التواصل,CC BY 4.0,النص الكامل مفتوح مجانًا في PMC، مع الملخص والمتن والمراجع؛ لا يلزم اشتراك أو تسجيل.,2026-10-07,https://pmc.ncbi.nlm.nih.gov/articles/PMC7013920/
pa-mhc-pmc7589693,دعم الأقران والتدخلات النفسية وقت الأزمات لدى العاملين في السلامة العامة والرعاية الصحية: مراجعة منهجية,Peer Support and Crisis-Focused Psychological Interventions Designed to Mitigate Post-Traumatic Stress Injuries among Public Safety and Frontline Healthcare Personnel: A Systematic Review,International Journal of Environmental Research and Public Health,2020,مراجعة منهجية,10.3390/ijerph17207645,https://pmc.ncbi.nlm.nih.gov/articles/PMC7589693/,en,دعم الأقران | الصدمات النفسية | صحة العاملين,CC BY 4.0,النص الكامل مفتوح مجانًا دون اشتراك، مع أقسام الملخص والمنهج والنتائج والمناقشة؛ العنوان العربي ترجمة تعريفية والنص الأصلي باللغة الإنجليزية.,2026-10-07,https://pmc.ncbi.nlm.nih.gov/articles/PMC7589693/
pa-comm-005,تقييم نوعي للعوائق المدركة أمام التواصل العلاجي الفعال بين الممرضين والمرضى,A qualitative assessment of perceived barriers to effective therapeutic communication among nurses and patients,BMC Nursing,2019,دراسة نوعية استكشافية,10.1186/s12912-019-0328-0,https://link.springer.com/article/10.1186/s12912-019-0328-0,en,التواصل العلاجي | العلاقة بين الممرض والمريض | عوائق التواصل,CC BY 4.0,النص الكامل متاح مجانًا لدى الناشر. عنوان ووصف عربيان إرشاديان؛ نص المقالة باللغة الإنجليزية.,2026-10-07,https://link.springer.com/article/10.1186/s12912-019-0328-0
pa-mhc-pmc6937114,مشاركة العاملين الصحيين المجتمعيين في الرعاية الوقائية بالرعاية الأولية: مراجعة نطاقية منهجية,Community health workers involvement in preventative care in primary healthcare: a systematic scoping review,BMJ Open,2019,مراجعة نطاقية منهجية,10.1136/bmjopen-2019-031666,https://pmc.ncbi.nlm.nih.gov/articles/PMC6937114/,en,صحة المجتمع | الرعاية الصحية الأولية | الوقاية وتعزيز الصحة,CC BY-NC 4.0,النص الكامل مفتوح مجانًا دون اشتراك، مع أقسام الملخص والمنهج والنتائج والمناقشة؛ العنوان العربي ترجمة تعريفية والنص الأصلي باللغة الإنجليزية.,2026-10-07,https://pmc.ncbi.nlm.nih.gov/articles/PMC6937114/
pa-mhc-pmc6848470,تطبيق المقابلة التحفيزية لتعاطي المواد في أقسام التنويم الطبية: تجربة عشوائية محكمة,Implementing Motivational Interviewing for Substance Misuse on Medical Inpatient Units: a Randomized Controlled Trial,Journal of General Internal Medicine,2019,تجربة عشوائية هجينة للفاعلية والتنفيذ، النوع الثالث,10.1007/s11606-019-05257-3,https://pmc.ncbi.nlm.nih.gov/articles/PMC6848470/,en,المقابلة التحفيزية | تعاطي المواد | تمريض الصحة النفسية,عمل حكومي أمريكي غير محمي بحقوق الطبع داخل الولايات المتحدة؛ قد تسري حماية خارجها، وفق بيان المقالة.,النص الكامل مجاني في PMC دون اشتراك؛ يذكر بيان الحقوق أنه عمل حكومي أمريكي. النص الأصلي باللغة الإنجليزية.,2026-10-07,https://pmc.ncbi.nlm.nih.gov/articles/PMC6848470/
pa-mhc-pmc4875684,إنصاف برامج العاملين الصحيين المجتمعيين وخصائص البرامج المؤثرة فيه: مراجعة منهجية,How equitable are community health worker programmes and which programme features influence equity of community health worker services? A systematic review,BMC Public Health,2016,مراجعة منهجية,10.1186/s12889-016-3043-8,https://pmc.ncbi.nlm.nih.gov/articles/PMC4875684/,en,الإنصاف الصحي | صحة المجتمع | الرعاية الصحية الأولية,CC BY 4.0,النص الكامل مفتوح مجانًا دون اشتراك، مع أقسام الملخص والمنهج والنتائج والمناقشة؛ العنوان العربي ترجمة تعريفية والنص الأصلي باللغة الإنجليزية.,2026-10-07,https://pmc.ncbi.nlm.nih.gov/articles/PMC4875684/
pa-mhc-pmc4823902,تدخلات زيادة تقديم الرعاية الوقائية بواسطة ممرضي الرعاية الأولية والمهن الصحية المساندة: مراجعة منهجية,Systematic review of interventions to increase the delivery of preventive care by primary care nurses and allied health clinicians,Implementation Science,2016,مراجعة منهجية,10.1186/s13012-016-0409-3,https://pmc.ncbi.nlm.nih.gov/articles/PMC4823902/,en,الرعاية الصحية الأولية | الوقاية وتعزيز الصحة | تنفيذ الأدلة,CC BY 4.0,النص الكامل مفتوح مجانًا دون اشتراك، مع أقسام الملخص والمنهج والنتائج والمناقشة؛ العنوان العربي ترجمة تعريفية والنص الأصلي باللغة الإنجليزية.,2026-10-07,https://pmc.ncbi.nlm.nih.gov/articles/PMC4823902/
pa-mhc-pmc3637576,تحسن محدود في مهارات المقابلة التحفيزية لدى الممرضين بعد التدريب في رعاية السكري: تجربة عشوائية عنقودية,Minimal improvement of nurses’ motivational interviewing skills in routine diabetes care one year after training: a cluster randomized trial,BMC Family Practice,2013,تجربة عشوائية محكمة عنقودية,10.1186/1471-2296-14-44,https://pmc.ncbi.nlm.nih.gov/articles/PMC3637576/,en,المقابلة التحفيزية | التعليم التمريضي | السكري | السلوك الصحي,CC BY 2.0,النص الكامل مفتوح مجانًا دون اشتراك، مع أقسام الملخص والمنهج والنتائج والمناقشة؛ العنوان العربي ترجمة تعريفية والنص الأصلي باللغة الإنجليزية.,2026-10-07,https://pmc.ncbi.nlm.nih.gov/articles/PMC3637576/
pa-mhc-pmc3533768,تدخلات نمط الحياة التي يقدمها الممرضون لمعالجة عوامل خطر الأمراض المزمنة المرتبطة بالسمنة: مراجعة منهجية,Nurse delivered lifestyle interventions in primary health care to treat chronic disease risk factors associated with obesity: a systematic review,Obesity Reviews,2012,مراجعة منهجية,10.1111/j.1467-789X.2012.01029.x,https://pmc.ncbi.nlm.nih.gov/articles/PMC3533768/,en,السلوك الصحي | التمريض في الرعاية الأولية | السمنة,"يذكر النص Creative Commons Deed, Attribution 2.5 مع منع الاستغلال التجاري؛ لم يذكر رابطًا للترخيص.",النص الكامل مفتوح مجانًا دون اشتراك، مع أقسام الملخص والمنهج والنتائج والمناقشة؛ العنوان العربي ترجمة تعريفية والنص الأصلي باللغة الإنجليزية.,2026-10-07,https://pmc.ncbi.nlm.nih.gov/articles/PMC3533768/
